Community Service,Professional Networking,Creative Arts,Technology Integration,Environmental Sustainability,Leadership Development,Academic Support,Cultural Diversity,Social Events,Innovation and Entrepreneurship,Health and Wellness,Religious and Spiritual,Competitive Teams,Engineering Focus,Agricultural Practices,Sports and Recreation,Political Activism,Historical Preservation,Science and Research,Music and Performance,Advocacy and Human Rights,Corporate Partnerships,International Focus,Equity and Inclusion,STEM Education,Literary and Writing,Artistic Expression,Financial Education,Media and Communications,Career Readiness,Legal Education,Safety and Security,Volunteer Opportunities,Women’s Interests,Mental Health,Animal Welfare,Technology and Coding,Outdoor Activities,Family and Parenting,Culinary Arts,Club Name
0.215160315611293,0.2573145029267335,0.4047504358732958,0.3428173466128346,0.2543387824407602,0.2635329617062145,0.2444494168013964,0.5520800181918439,0.3688984242814206,0.3974474301477353,0.2917130632740122,0.3319349658296059,0.5156962199450721,0.3184429021625847,2.0,1.7317228554244175,0.2653515490222226,0.7241138485057228,0.3144906443616338,0.60233682109586,0.5968592536858627,0.3461717884696377,0.6524119751957399,0.6380811647827243,0.4206636837952781,0.4794680036907359,0.3326133474294056,0.3655774044586366,0.442472613809009,0.4643830635520486,0.5600980413731547,0.5330500802140371,0.4772535012868581,0.3311486442316218,0.2872918892943065,1.8266689321337917,0.4809372680723244,0.5210754270228977,0.4573802044182379,0.5318184434672574,Cal Poly Settlers of Catan
0.3360410851903763,0.379939381957554,0.441607897334528,0.1305736678493808,0.5108739094737141,0.2055877403561292,0.2783307257193802,0.5765981161020953,0.6521246313061575,0.4698049240404693,0.6038926182699513,0.5836566609476802,0.4797917875800289,0.3659007771698979,0.2970314755951491,1.8201023324161398,0.5359503895167179,0.3022300197660252,0.4377500203229608,0.6197065199383647,0.5489401649077302,0.5777780326898341,0.3817567506673111,0.5350097345328064,0.1726264161090886,0.4206033874663019,1.7042987740912512,0.1929607493710152,0.479574064445539,0.4410799776891334,0.2869061876360754,0.604812272012516,0.5371122655084044,0.5689500265513395,0.653638620869472,0.5731886095085773,0.3165501553284674,0.5591534864757268,1.6840508065094228,0.2917737733143194,Cal Poly Cycling
0.3594755751959896,0.4543690039454058,0.3655299324040091,0.5233380842266583,0.3653246094615706,0.2874216276724614,1.8929823118549103,0.4522409659822497,0.6280272324822209,0.3709332281095624,0.4642156467878621,0.4721535914537108,0.4639824778492749,0.3940334706915829,0.5843133417254758,0.6492874874158245,0.6560326321989782,0.4455079250634182,0.5170067140018783,0.5376664296779028,1.8228263474278168,0.5866587313106273,0.4821255809103921,0.5855207189804208,0.514313553406323,0.4477046241074012,0.3685606765906619,0.4210828400705221,1.7956661696222305,0.2898974500118396,0.4749617988825266,0.4517795510235501,0.465927935317707,0.4244055758156261,0.4311847461901291,0.5479241355760437,0.3708638036056684,0.3892452790955044,0.55239154256091,0.4445748563180682,Esports Council
0.1798619958626369,2.0,0.5094454398086766,0.2548110966386274,0.2418987098486065,0.5024111786523147,1.6795240603235535,0.2256661243200496,0.1279158097389005,0.3238301310851033,0.2274453454362255,0.5316382447536128,0.3334139751536721,0.4409776971143007,0.5737312043420313,0.1995950493381227,0.2846458008175205,0.3496674248832381,0.3616698574319233,0.3488737365831663,0.6442382748070193,0.2964760407927472,0.4875116330167309,0.1363661602002853,0.4065662014142686,0.5456715749219481,0.4512450082342092,0.5597151724967178,0.5793979399965656,1.8056236788240523,0.6580365839403235,0.479601508065641,0.4228398803054439,0.2961133391643378,0.2849568903007837,0.2084144490177827,0.3633455004709187,0.2544301617386011,0.5111800791368397,0.6508627106636812,The Women’s Network
0.1600521174433398,0.2188098464627886,0.4014665128722562,0.4957028117362253,0.3700771483154226,0.2042184345031192,0.3923436565086291,0.4709038395276134,0.3778783407604549,0.250635030488574,0.3242341779047117,0.4135271411016773,0.1523431972861444,0.2646699468845029,0.4987360547176571,0.2114822788161914,0.3747377974416267,0.3113451813112964,0.3425332321722436,0.3407619636110455,0.3649793835065545,0.4655709223624505,1.6253306243046821,0.292523978945751,0.2503532109630079,0.3194013609011247,0.5739640121532872,0.3338158812402736,0.5603159864047389,0.2813456629536371,0.3577129364188832,0.3367278205104509,0.0271617787162505,0.1894483261732791,0.3721599423007776,0.3681293675027735,0.4149063232932516,0.3542028330204704,1.646362342004723,1.6825663715262786,Pilipino Cultural Exchange
0.2546374577449665,0.0663143209846226,0.2470005128309742,0.2178316285202081,0.2683573525584884,0.2402089079809553,1.6201938309027626,0.4601261181079159,0.3782907106032986,0.119934965242166,0.3885085020037694,0.4737659392331241,0.1289625154909933,0.3414045270924916,0.3860895588215824,0.2826584038938856,0.4548239739615737,0.3300489922680258,0.3266405215100071,0.2484342226119777,1.5156031600430173,0.4497152183502435,0.4343456448287288,1.611780804681533,0.3705398140053376,0.1926532892018562,0.3634971173398064,0.450538420691632,0.2496851633760499,0.3635760399821506,0.4455149929955105,0.4497504518391463,0.3612869387321711,0.318110756790934,0.3736330357122969,0.3169179767833965,0.2736587522878282,0.2456227355872756,0.3886846407833825,0.4833545490814473,Chabad Student Group
0.2613675106622608,0.083104143834989,0.2850613717001791,0.352930760695618,0.3555134039173119,0.1903513063697857,0.5154683144034555,0.2480778902800845,0.4623715153089649,0.318099767647352,1.7418120749610528,0.6153554655221509,0.0376333076638955,0.3650744391628693,0.6977676761994702,0.3914366197229506,0.5906311295182816,0.373376323792102,0.5892312348213992,0.3886637895802108,1.8057311058214247,0.4162847496684327,0.5820193991985716,0.5631429285337145,0.3379985224733655,0.2720186447549841,0.3144087654171989,0.3427678271075384,0.6815545080040348,0.4425564997400871,0.2631049187968654,0.709915933039648,0.4981941893275557,0.4095805505917936,0.6757187402070705,1.856288865332158,0.3056551257240494,0.256147149892367,0.6932964369892382,0.3140038190633195,Colleges Against Cancer
0.157880523454138,0.395505314173842,0.5200861707347296,0.5456378998585298,2.0,0.3403958088937657,0.3838888645293101,0.5513337326570104,0.2517783251108354,0.4915126436807527,0.4551480892315465,0.5174035667526128,0.2709830816807581,1.9045183931928515,0.6696174008271749,0.5305911435329747,0.3018787623141433,0.5607414043608501,0.6894670809797927,0.3767523915321378,0.5179930022876473,0.5476747683201758,0.7008204433609544,0.7898903726144235,0.5122246500881982,0.4439342220657444,0.3936370224131907,0.6225103196303572,0.6964190698414201,2.0,0.5344900369494401,0.6425351542875681,0.6289692509001665,0.625820041353114,0.4567297451004138,0.6151286504463668,0.4864345032952368,0.5115433830950414,0.572690064244055,0.5489114351785618,Environmental Sciences Club
0.0834037185914425,0.1467765944573381,0.0382685688120444,0.1988026675204957,0.1472759598848519,0.1179803639894571,1.460524673020028,0.0010436235519575,0.1909780571485625,0.1227824347142919,0.2731538732764318,0.124850245506233,0.1676622330190869,0.3904083682208697,0.0933582131933483,0.3565900057006937,0.2098441502092662,1.4409308587757665,0.2407041299241206,0.2488496790887944,0.2843369524545759,0.1555194688841378,0.2788015660069496,0.2861316819565278,0.3718100334529851,0.2231713307818554,0.0674171508348547,0.2247523322677386,0.2744791789762267,1.4118126117175744,0.2067842534164997,0.0,0.1831445254881752,0.1130512897772104,0.1705974629271124,0.2335579483511425,0.2140424001033881,0.2794344239024832,0.131092057279608,0.1728245012465686,Cal Poly Rowing
0.1531326371267107,1.580191789703022,0.2603092641569409,0.4736121857735048,0.1620033531422085,0.297791315879456,0.5356512790184518,0.2852586054997666,0.5118201868103667,0.2495738971525612,0.309769180243477,0.2465220401838755,0.3000144176225253,0.3129046424633082,0.3548124295988116,0.3549756067886238,0.1410069340412897,0.2413556216908368,0.2663114841833033,0.5247376127622512,0.1968730704167536,0.4992802888279514,0.2733856261503141,0.1915393859142323,0.2887643236459558,0.3130198163763749,0.1606172277187483,0.2858939875121235,1.8675105502821605,0.2869391082700429,0.2466586847327526,0.1405091859819777,0.3630112589893207,0.2789658805970623,0.132121460520946,0.1870913983416455,0.266519589418186,0.2619105624165198,0.1935890677930872,1.543359153258291,Information Systems Association (ISA)
0.2986752660850546,0.2123016569995283,0.279895657548503,0.4367796630434205,0.2642827864551278,0.2811611524677492,1.756943471679225,0.3601254441439039,0.5845739718811286,0.2108551691811672,0.5398487792863517,0.3957718550760404,0.2165761064948458,0.2640578232539631,0.2077849469526453,0.4930639801864132,0.4177041444454422,0.1932202926172265,0.3646442744567423,0.2397306562795669,1.8224321837632496,0.5067002999608347,0.2870132968647726,1.7005927871916553,0.3300446605211238,0.3587101681686672,0.2996569375161582,0.2181693375566009,0.4204774908833247,0.3744229781885899,0.2822967241446692,0.6701220221663455,0.5103729854235648,0.2245207814928996,0.4767155477340428,0.5047094937799259,0.3207802731631498,0.3412762611548252,0.434249784910189,0.2469446261225222,Disability Alliance
0.2166277724874311,0.2307298452494035,0.3347857922363899,0.2208272809366949,0.2016278458846851,0.213356424199828,0.3924214539102351,0.3709342715949247,0.5074002318347456,0.1291823851379375,0.3080798609042687,0.2978623149249538,0.1794819396516485,0.3233361530197563,0.3920150245197099,0.3999955106161366,0.5520544761852646,0.4723058667272774,0.3471562737608321,0.5871962032082518,1.6916570294772248,0.3387551789953468,0.3004418376637314,0.5476589036616354,0.2826388245736222,0.277052951447317,1.6287618754641264,0.1661325762540865,0.607449109017391,0.3117167449690696,0.3011917365329046,1.9928547221991644,0.2739990600924215,0.4050253679333144,0.4856299650482177,0.4707484885952642,0.2880838503200601,0.3646949584213327,0.3597686458915719,0.4344786280396503,CP Drag Club
0.2312400929344647,0.2360694949264677,0.3935572243984611,0.3136866837075308,0.260648112409743,0.2830213419725029,0.6955079782176595,0.4664943327727119,0.4129812097002233,0.2288162329608987,0.4342620826068999,0.4814032250438143,0.0623062047348544,0.5903200795091639,0.5715257588402273,0.2903223505293621,0.4313351099160264,0.5456330261293043,0.4817681078474671,0.3729338837456172,0.6261421506722111,0.2301590821472792,0.5143256457629989,1.7178515008880118,0.5700974210906806,0.5637806302615525,0.6503297080384555,0.494923481885523,0.5159452030583861,0.4865799282855613,0.5075819253600966,0.3690494199574568,0.421959163035755,1.705217854274034,0.3619913734879247,0.5119886350955132,0.2557135760624638,0.1050884496342868,1.770109368592343,0.7019221731172695,Xi Xi Chapter of Zeta Phi Beta Sorority Incorporated
0.2049402797570074,0.4283146441600358,0.1955443579602082,0.3475416315120116,0.0876262381156971,0.1577745938847523,0.4931558183262925,0.3210428867278405,1.9046501183749536,0.1628441673712382,0.2143655990508727,0.285940381619615,1.9179451445631688,0.083566432120066,0.3223178113755548,1.8812587128541067,0.2679453430466347,0.3654788039612265,0.2316827975527925,0.5687622195316457,0.3749190286956055,0.1777100549382673,0.6389551506118298,0.404463274179382,0.0622124471498131,0.4010103729709651,0.1494400327077146,0.0467507002465135,0.732856112040514,0.2701067815293555,0.1142009004241788,0.273029877057994,0.4318702034541545,0.3365487398025609,0.2560635920087233,0.2865298749664129,0.3749941141093564,0.5184034631504164,0.3290690880735871,0.2103629226348476,Cal Poly SLOverwatch Club
0.1909782633572935,0.0844697273868969,0.2034765138075165,0.101280120810259,0.3622281348259807,0.1664844172513161,0.2885647558293417,0.1257029234031475,0.3548230319095966,0.188680743049314,0.4762366601692979,0.4461653085739785,0.0883585742542793,0.0826461112122753,1.503496078244499,0.161360293195482,0.4713915986126225,0.1673604757457502,0.2192349099509455,0.2179503983800587,0.4081418263958731,0.2901601163088226,0.3129890074458374,0.0536952827230467,0.171545000840763,0.1395961956450684,0.1496524068841312,0.1541356957466092,0.243232661045285,0.2032127434440063,0.1635063282351543,0.2983550586583479,0.4251563028325584,0.0071414737541805,1.5613740002492453,0.4755848566932133,0.1204602171277062,0.3780477609370605,1.623257232539313,0.2935484723590048,Kesem at Cal Poly
0.2223363920328634,0.2899467824250092,0.4922047014136598,0.2854104326154684,1.8352889369458323,0.2186923102859861,0.2668174931017478,0.3835280668100524,0.3672726428296533,0.2801020850626262,1.5256399716062337,0.383016679617757,0.1331306239718791,0.2824190219865168,0.4598342923480087,0.2519143783062098,0.4721660336144527,0.4884043729879937,0.3143253675833423,0.4890972242397042,0.3774018611610141,0.361008485518578,0.350522161786696,0.3062710177598608,0.1902758398386458,0.1601432161350562,1.7460631439587542,0.2444807177370959,0.3882047116417884,0.3812973435498113,0.1870584098676188,0.3746472074065518,0.1613992907686406,0.3696614873954085,0.3701466971310182,0.4309220324453894,0.3259606984982057,0.3685852864768849,0.3513266203083199,0.4548216269346598,Sustainable Fashion Club
0.2661714986470409,0.3194618505607212,0.2319601172585949,0.3135300800165549,0.4173065570708573,0.2679841493919007,1.67912459843778,0.3856804421670509,0.3937219950704787,0.2906106937974812,0.3199906037359342,0.4125948329913941,0.4772211229893668,0.5111012482063093,0.2232517211333045,0.4944275666950485,0.3496589664235482,0.3116650583674394,1.7413240637970249,0.3736931345098742,0.4120145401215137,0.4953606990492494,0.4436094499063479,0.35708135781326,0.3600086484951019,0.2071483502488014,0.1152580537807684,0.2547136729652465,0.4106000317071465,1.675672900880008,0.1029311287715755,0.2690793730190977,0.4897412289664225,0.352373757901141,0.3298685694342074,0.3923641980246845,0.2333154563332203,0.4059398405800958,0.4884658397714512,0.3652926350048927,Marine Sciences Club
0.1977633602777446,0.2410477882674456,0.2841640337417762,0.182221823140629,0.2943486789390077,0.1404690019959067,0.1300077429289799,0.1616713620572906,0.2638633852043996,0.2541853462540532,0.278339303638085,0.3242879348462868,0.3946066181003149,0.3341707557274103,0.2151811603256688,1.6042994788072455,0.1495465086848199,0.2643043571681912,0.2098296894929384,0.1292500076590116,0.3099805649581323,0.4355158927472143,0.4015832074928558,0.1523249130252482,0.1412138363030307,0.1624324042840116,0.2611057256535883,0.1044942551836043,0.2764099630283766,0.249595100151266,0.2215364508157801,0.3604935018264546,0.3384027968234224,0.2110712411702224,0.1348558240445705,1.510334284796516,0.2030566846865977,1.5808742209410487,0.2854449989445591,0.1781452193081151,Dragon Boating Outreach Club
0.2441637688235023,0.1259618851303788,0.3806064833509255,0.2731883683355391,0.3169331412781,0.2354391752665509,1.584165395710174,1.7799202272865866,0.4567131161692303,0.3161619645765571,0.391927803120534,0.4613428469734151,0.3060829146745518,0.1950021115057545,1.7493750626543618,0.2750884954348938,0.4690224772042835,0.1801208202403189,0.3713443118031547,0.3931030503572784,0.4134521702206244,0.2805300972756351,0.4821050628586475,0.3848588817874929,0.3570188225765979,0.2848270487054347,0.3692602747964602,0.3029573160295523,0.4381706537449207,0.1649683418789603,0.3746752011731441,0.2963040202768749,0.2761264587170253,0.1859636069712991,0.3886423742029515,0.3470173800859255,0.2414457495711766,0.2118519931395776,0.403982198404574,0.4755011780640876,Multiracial Students Association
0.2863486589821383,0.4759886643039362,0.426744615050371,0.3164468874141187,0.1418702205681338,0.199158098130837,0.2922076648240419,0.3274350141542163,0.5533951268658504,0.1729875130646236,0.267763247176849,0.2849885682174901,1.684473573751346,0.2892324730335424,0.4175144771097058,1.6275486551391645,0.5355529925067488,0.4349471006832393,0.2989468304171081,0.5607450074896199,0.5143087121667739,0.3429354734174021,0.4289967856613883,1.6255335533943551,0.2681973473952797,0.3665911681365213,0.3614295875130916,0.1862108545831641,0.5387780497102175,0.0933529157101141,0.366278891872624,0.5343868173185415,0.3428163754786203,0.1782341841956587,0.160393150984126,0.2628700685065263,0.3489781720566268,0.5630287254585431,0.2030190905468928,0.4670796486093181,Cal Poly Counter Strike Club
0.276760732457337,0.394780237764393,0.2207881966147791,0.3033622467452533,0.3458430141119912,0.3065316491681366,1.9517819383938333,0.4618065566459299,0.5924136863957415,0.2638509801611434,0.3489313186521641,0.4098787098924958,0.3372076744406047,0.4363518079030502,0.571928780770063,0.3050461786673457,0.5149792229287464,0.4484730318239461,0.5322582050028487,0.3548326779067736,0.4640435437692314,0.3684441289926329,0.503926519076075,0.5781985366542998,0.5419104851355687,0.3105812281235271,0.3617895422824806,0.5132961728668332,1.653646687242667,1.6793169379181492,0.4321400189480082,0.433352574465681,0.5426769512622249,0.4570867868433179,0.3694566324386257,0.6177299826953725,0.359458851248161,0.2261584307569725,0.6526954623946849,0.3621991322321605,Cal Poly Sociology Club
0.2492814968964508,0.5631169395327771,0.3757597713119633,0.4308558814580841,0.3063958133822174,0.3826053480626943,1.79771639277828,0.3524435504916664,0.3075353307284651,0.2819198163963236,0.2251997013402071,0.4005794536442204,0.3871512667396735,1.6487683150219068,0.3605219547973049,0.3219109404266586,0.4169967805235712,0.4006027032173792,0.5404867888890578,1.6331251451550806,0.387895139992234,0.6094437285381082,0.4185278150181387,0.4528124735396183,0.4799932309242049,0.4832809211874898,0.3257458097563065,0.4802860652195208,0.592530224477574,0.5628608914507016,0.5611962698866312,0.3618068511674566,0.4566237366516599,0.1995906323053536,0.317210736866762,0.3705416284769255,0.3558315273427769,0.2156090866795348,0.5373405038716,0.3952159057533146,Association for Materials Protection and Performance - Cal Poly Chapter
0.1537255672659782,0.2642225251161859,0.0,0.3109914910714434,0.192998597311369,0.2046013496603444,0.4240211406144699,0.1657075154310216,0.2687262438808204,0.1833580495512178,0.1779132049797014,0.1019583866032693,1.6220286181076733,0.3645959873258526,0.3305316385585572,1.6622478855722775,0.1204571750142537,0.2094280877528544,0.3026935811563455,0.3022707095022828,0.2233210622603604,0.2125969494795269,0.3697701429521409,0.4045700187743976,0.2707840084711828,0.1870445904031293,0.0888982883008203,0.2676853523152517,0.4231984812208134,0.2900669334213152,0.3403205717899413,0.3396520547378226,0.05886348399303,0.1723869451236595,0.150409384752263,0.3166570999043068,0.2841567786531705,1.4768393715153048,0.3256549267546746,0.1768878062984201,Cal Poly Cricket Club
0.2050018996101653,0.3517295235841558,0.2706005732074843,1.6240829733916415,0.2749738221034959,0.2437359309174286,0.493417615715597,0.15412630254076,0.3732676956570016,0.1997572326790529,0.2667142504447843,0.2389418204300833,0.3316681145609818,1.787338542299227,0.1778202592904831,0.2373172743541969,0.3183970223747547,0.1957851293491111,0.4451677762223233,0.2414595204148905,0.4404800489952808,0.3090103882879099,0.2687100036452098,0.3704144943512293,0.5079337051236339,0.1970898871129734,0.2235251453891265,0.4249614667164969,0.4342846503737394,0.5626918597779608,0.4160629726304611,0.4428465315436435,0.3332877316764872,0.2824614831633436,0.3090006777454582,0.256494354921985,1.6151225711530373,0.1743094246262737,0.3472250682676837,0.4376007894123139,Computer Engineering Society (CPES)
0.0854434353650611,0.2291555305641406,0.1935922229849429,0.6150163224147658,0.5512933305164565,0.20323713623943,0.1636326410051111,0.2964599845856653,0.5247327535170451,0.250435256844041,0.4014454451187528,0.2993983753407195,0.1124802638524698,0.5236826136673145,0.5019662604096575,0.0,0.3707885957582132,0.3733290308233649,1.6987168553885725,0.2264417967343079,0.5456268926946967,0.3390157307551679,0.6384352752697932,0.1614433379536112,0.2690188865808895,0.1126984155042529,0.1780159435797312,0.1893520610319105,1.8972915690514154,0.1438235104001706,0.0457200705813374,1.9147204183491464,0.0,0.2221905606395167,0.3734508217180079,0.428948845084024,0.5811073423161922,0.3383302124053684,0.2866800451002432,0.119656624579768,Nuclear is Clean Energy
0.0334240779557054,0.554711686757011,0.2271048918901632,1.9434202712474464,0.1832728684229255,0.2486304058829473,1.6323327603991469,0.1212099649985862,0.1369102281728595,0.4645797023494408,0.1778921951299147,0.0,0.2756988665017329,1.922197381800585,0.4641808606495981,0.080567413638361,0.0090247634600097,0.3405094662458715,0.4035699689946904,0.156797957262844,0.0,0.4091432158895257,0.332222140021204,0.3362854708320094,0.492221612711388,0.1078652535117567,0.0,0.5331607400563323,0.4505170697974146,0.625298505580961,0.2886567122281009,0.3331678499819301,0.1360966454581338,0.0921097340259759,0.0,0.1354788220693282,0.6223587044527928,0.0519248971782378,0.1859213616643923,0.3954616041283763,Industrial Technology Society
0.2773347474476501,0.1673886789722391,0.3770883311792969,0.3175239663873669,0.2961842655956219,0.2345821278789491,0.4074361660344541,1.6521370394355137,0.4714217442967252,0.3130646467283097,0.4717412447951671,0.3254877120734341,0.3161192823790524,0.3324690318085697,1.7725995782519801,0.5508846083780717,0.3653432646070497,0.1480482130909941,0.3865200948906415,0.5591201364285971,1.8256918778357103,0.3997820425477832,0.6124837194539787,0.4735073694115789,0.3586504796872881,0.3930720836982819,0.429411920863365,0.1682638643356865,0.5593258407369697,0.4249319089006345,0.2428712985632208,0.5266576355572914,0.4222271294813234,0.2444762437979884,0.3145740737332191,0.4451211936314913,0.355707219504174,0.4226514592773452,0.3817906357137876,0.4711061480242601,American Sign Language Club
0.0330582982154298,0.3108720621289959,0.4352010388431575,0.1844444209399342,0.1153570359031961,0.2885456703814274,0.2055837062717538,0.1165080453481869,0.1099096632985218,0.2723414945771891,0.1894583044071362,0.1956505949364367,0.2333176664329623,0.4123783983776674,1.7100976298609818,0.3875961454067774,0.0579737638139199,0.1741770123693541,0.2086393426323304,0.247492463541769,0.3977835430476411,0.0751753697138267,0.4013311784826492,0.1599294520220557,0.4967295050851183,0.293602896055718,0.5074212391374747,0.4765132163062625,0.3050663625683111,1.5095896316727573,0.4288554381473948,0.4253320464883685,0.2385814117964227,0.2346716092034739,0.0592263595971324,0.4030779379766061,0.4336430627328507,0.4154090466492802,0.3799043528850707,1.6222918480536275,Cal Poly Archery Club
0.2754428033591979,0.0780545115898306,0.1304186337379353,0.3520356448230919,1.841320743712362,0.2971668898965731,0.3587944869525565,0.2235114484128179,0.4302533472604455,0.1849638745115055,0.3746565986275423,0.3104498345529011,0.3671095865902641,0.2960706286217109,0.5523607044836256,0.2939052577728018,0.5518197446296189,0.295108804883135,0.420274373953231,0.0909561009033838,1.6740953580102604,1.8592173522197561,0.2904693181161383,0.5250148401520666,0.1937455848629624,0.1461569679177602,0.0920800198006387,0.1769895542374435,0.2945592973014198,0.3670165901547839,0.1644698651599473,0.4203478191052098,0.5127790399381711,0.1645199642830963,0.3495972578800952,0.4758075045152468,0.285521531582247,0.5431270371852656,0.3294186140201878,0.0910600251242086,SLO Climate Coalition Cal Poly Club
0.221437202026408,0.1416600224857074,0.4098281639390966,0.5174353166635882,0.4014770346196666,0.2995442069465459,0.3951589383301358,1.7389163216003327,0.4173713144117231,0.3749041536839315,0.4797889174877447,0.4421865877562773,0.1500916753757546,0.4722097631346587,1.9866997498647336,0.2315598578405709,0.4576793348632997,0.3866043295271762,0.3709957540761013,0.3870179172606046,0.4062203428248759,0.2672010994007687,0.5574900683378964,0.5551607952426562,0.413415084680731,0.3090045802186197,0.4002946547502408,0.3498700249185639,0.6035286017758739,0.2888477370412541,0.3372532969314134,0.4042178475091614,0.3465162179371234,0.2325489701724246,0.2953640592791043,0.4627024865955632,0.3915992143712024,0.2653669156192525,1.6449075225206788,0.5781332138615245,Indian Students Association
0.287299842655736,0.1863113479284042,0.3553652872818689,0.1778380061401725,0.2572910382137409,0.2249241517277746,0.5424635281578274,0.4030693941212581,0.538378393231368,0.1056565498114052,0.4933397581647875,0.3924161078705713,0.1480400794939813,0.078077242899167,0.2434898016361932,0.2486926646474324,0.2889977390164981,0.2733352641584289,0.2129348815802524,0.1783415180826086,0.5981122106500464,0.4687107679058423,1.7075678967860686,0.2306344521809031,0.2126554464655552,0.5385172749758803,0.4490108909779809,0.2697191410516519,0.4821398868586453,0.2334655525688913,0.1350082871700051,0.3945299932297297,0.312689404630976,0.1941610144118962,1.705752048330602,0.6075325031767159,0.275746154815002,0.2622343642193531,1.6540590243776956,0.3406752025425801,Letters of Love SLO
0.2475588387926444,0.5738198106002981,0.4842368256178365,0.4682378241176622,0.2960737100644635,0.3608372110244756,0.339625423404297,0.3766136820786034,0.3357444813647732,0.4439699754548617,0.238312866820837,0.4320786017524675,0.3250850231271262,1.6090971199587472,0.4047908340532496,0.2336247767200816,0.3948916751893142,0.3216095822942919,0.5572670524235963,0.2458396276469484,0.3654034009110491,1.7191903312976111,0.3449838282576181,0.3691362180188396,0.4611495645729234,0.4587364997189771,0.4743717248337743,0.4615915500522584,0.5370469662593885,0.5883549826110105,0.4581488897477918,0.2558185111132469,0.4374654304777871,0.3012940758999602,0.1386716446939658,0.1638829413940988,0.3601362190216701,0.3170741443661438,0.4146992125324642,1.662908197993222,Cal Poly Real Estate Club
0.0489287596418855,0.3231984595786809,1.6536455656849907,1.628347495926438,0.2346972249492454,0.2340334629911029,0.3239777080809068,0.1273160141431347,0.0,0.2751846016478552,0.1871145220147511,0.1451048208031276,0.2711944507618548,1.8157222541848634,0.0,0.1616712880548904,0.1418109774628554,0.2324511219049136,0.5407002023406986,0.3493135287289203,0.0828526184242731,0.0811195578891082,0.2337752731638342,0.1735690270554342,0.5325041724352513,0.2776153510888918,0.4413401500513469,0.2924621469935525,0.1980586976399725,0.2913973802390476,0.3621987924646794,0.2576358035475536,0.1860003665948288,0.0,0.1427841961623498,0.2801573191094584,0.5960218939793674,0.1683224356855372,0.2375005120397206,0.5364082232600463,Analogue Design Lab
0.259531208381511,0.3544159766578318,0.4774711160253713,0.3177037567943491,0.2407286331517415,0.3900879399646703,0.5583435173716854,0.4025955455774319,0.5324710357274032,0.3595391479664951,0.5120935628025803,0.4514686554331979,2.0,0.420712388649611,0.4283864016663073,2.0,0.2792039834055228,0.2388639266812031,0.5022571551676156,0.5649989045264547,0.4530599392267438,0.4048940092153129,0.546638813993721,0.3901445481018076,0.3269001104469817,0.3692134000373838,0.5275448108777786,0.2469823775827972,0.4927074234415404,0.5873431333921906,0.3138129348153636,1.7062096573013799,0.3554214214707019,0.3385366293788296,0.486254077053363,0.4676495433220559,0.4164564928062234,0.5984564991018009,0.4977449519481608,0.5157672901021572,The Cal Poly Triathlon Club
0.1168540098932628,0.1006524801283562,0.3670875263590456,0.2522090921949807,0.1318105486724079,0.0690044064362635,0.1154413257504786,0.1932625016597983,1.4710869135260043,0.0859455096469351,0.2033944410769708,0.2818160362360792,0.1067500072181652,0.2678199564689687,0.1740259497234689,0.1694897683440858,0.3018516169566662,0.2947176534665969,0.2790672882989455,0.1771534732001189,0.3382037291864596,0.2175838383072422,0.2249059006335687,0.2605014721813326,0.1392565743206865,0.2019031820703775,1.5304738258402408,0.1334770545487485,0.3394005192305176,0.0874306265843126,0.1969567320039413,0.3003998813729441,0.0926178613744709,0.3379985890404378,0.3645745579208584,1.7615069625230708,0.3980469606998148,0.2507799610154267,0.1601885573882496,0.4362639300888021,Furries at Cal Poly
0.1569247412840361,0.7364362025011097,0.4905885201365952,2.0,0.6026663029412175,0.4825680702871549,0.189220940753057,0.4469632769322661,0.2789568115567332,2.0,0.4771649714491272,0.3756829888169436,0.5530281341320313,0.7271642756217528,0.4487466187283862,0.1646910700512337,0.2289895675921532,0.3630284395557092,0.7398261017476504,0.4175813804757304,0.4107390803382894,2.0,0.6493854037549607,0.4068226827840326,0.3838550531218658,0.3636790220108423,0.5764597618026966,0.3901346347432558,0.7336029795544621,0.928657710287762,0.3064446477010156,0.6284502951194025,0.2663280226325416,0.2676777572750124,0.2025591931112643,0.2315702989711254,0.623057912290979,0.2062861790112253,0.3479732384286242,0.5520370857188294,Cal Poly Entrepreneurs
0.2574977838839425,0.2296298866738992,0.2357391046322411,0.3057255264642213,0.1550020470287088,0.3125650421047953,1.7218663492269255,0.3538511632132815,0.373618021221312,0.2149341746930262,0.3975898814652182,0.3172096512692217,0.2277609575646091,0.1939506696205493,0.1987963518666448,0.2621529742312249,0.3477372611356563,0.3491871069380896,0.3847300735571119,0.2444111551979929,0.3490988226407207,0.386542710864576,0.2944973356428423,1.58023326559857,0.2900854864388362,0.30831656673244,0.3259089472778829,0.3167148583652195,0.2554607212611252,1.4735042442308908,0.2676162663453791,0.3279274107031057,0.2743939719899043,0.4342549566762709,0.3043289352760707,0.228728437566947,0.1789191510803509,0.1814351322617125,0.4640760137438169,0.471948189180872,Panhellenic Association Board
0.1148485902394056,0.151595926466497,0.3157255436266087,0.1794605670355107,0.0373960544042358,0.059774049402136,0.0,0.249581964100918,0.5045033564752295,0.1293271771499743,0.1664765895030767,0.1852072225390358,0.3387898401408686,0.154321533677508,0.2953577692159481,0.4758964444944729,0.3165310201871679,0.3242073566506478,0.180938645732512,1.5497526171482903,0.09635039027282,0.2100346597000571,0.246303385931936,0.0856919423887129,0.1549765683228285,0.1742247538770303,1.5934473672281606,0.1258369337036769,1.5312219010909247,0.1191339623644163,0.1639946384358608,0.1988515027866039,0.0519130545155524,0.1764133430908066,0.0798200416401369,0.0,0.3854151233665712,0.4120077300549485,0.2126593235850246,0.4125681121297194,Cal Poly Ballroom
0.2883749711384468,0.4048836387949431,0.2710435966630869,0.326623649098758,0.3817937045515565,0.2924781223854434,1.6933128762574454,0.2546981610049477,0.5254895244442973,0.1984508311681579,1.78678600593736,0.45561134027504,0.3001094853800506,0.3249583817703873,0.6079379598445791,0.5783583196376235,0.4298621297886629,0.1228631189660108,0.6045112010375903,0.237790729495481,0.5487156939299856,0.4238017271816395,0.3212138241199433,0.4173035723605357,0.4980838291121598,0.3129160743313123,0.0307545425581296,0.4005217805526377,0.4785456342065321,1.6633914110719688,0.3745157948498437,0.3186355418113524,0.5418073218013593,0.2841986723683899,0.6212102322799341,0.5816839804340845,0.2720344704360519,0.4306379714147927,0.4333188347205572,0.47286539988033,One Health Club
0.0599603381592542,0.3270943910549878,0.4267820316589036,0.467774021900859,0.3545129468755035,0.2875752940444696,0.3058912846547561,0.3786369350034939,0.16924760197775,0.3020783133954077,0.3929538649078084,0.2513658543245709,0.2963008508829328,2.0,0.2058919020739267,0.2725798112572412,0.1865726729382863,0.2317523226226464,0.4194824917775697,0.2936269783346779,0.2999415644652027,0.1674142663430549,0.4432583879466991,0.4720954552971076,1.5224695773240258,0.3170894159665184,0.4494450618918672,0.3785947721245562,0.4113079779002312,0.4929349606697465,0.3762162550491446,0.4555523027923139,0.2823047252207764,1.6454762270979286,0.2557731263198656,0.1945281270801122,0.4847022020309686,0.2275620995922727,0.2971217849074946,0.4698646479901179,Society of Women Engineers
0.2854550484847748,0.2352544980114732,0.3831815628171247,0.297684522725968,0.8028376693797981,0.247617168242518,0.2172701657821809,0.7875498239236616,0.7873215230847431,0.3492650455350796,0.5947335979265619,0.6558186180043365,0.192943350155348,0.3211081212448721,1.9907825185134012,1.977263585441892,0.7055689135775571,0.722487538708686,0.2694350194317448,0.4936172845958476,0.894433575166129,0.4016376281994707,0.3901353098018965,0.6974538248581954,0.2642116949863041,0.397757416888752,0.4478939401594898,0.1171748586441473,0.7250929004023546,0.2994392386576914,0.1591650118466591,0.4678550565217125,0.7110007778230677,2.0,0.4798939570451704,0.6488779197197089,0.3901238901762099,0.9166945700417214,0.7386846316730923,0.3185142795750929,Backcountry Squatters at Cal Poly
0.2070570136829126,0.1495023446632294,0.3258682973301131,0.3740437423720334,1.4876305441401982,0.277872468754488,0.4228401633838626,0.2272776111552967,0.3153867639945324,0.2066940531525499,0.3613420598997811,0.2834082958068831,0.3810574515442851,0.047722463487226,0.4822806420427454,0.3076325909663464,0.4770087240502558,0.2246717380831766,0.3048966437730895,0.1815783831171545,1.7876126931801382,0.4186845624740137,0.2882705833637048,0.3892012379648834,0.2621509207627999,0.4186796805192768,0.238554259640613,0.2512256275284858,0.4757971840414406,0.0773724617836882,0.2891605037547822,0.2708916349772458,0.3651857642029063,0.0648341240834226,0.3856751035288134,1.7888763515062394,0.2927647503473609,0.2872836368875401,0.2279410679509547,0.2526505330436071,Turning Point USA at Cal Poly
0.1461935365583298,0.1820741847125422,0.1891267639651857,0.4283782637310505,0.2666324747268918,0.1158457526998663,0.3543549653692993,0.3693440405477486,0.4716493159395513,0.0631064690903229,0.4059689197912802,0.2921884422536606,0.1610235009117961,0.2306982953341775,0.2055715448666071,0.2972461172080925,0.3436051383250812,0.23329076999976,0.2541444315082889,0.3328848520703584,0.415991023989816,0.3157550746380032,0.2147376973138416,1.571557880864587,0.3859006743858556,0.2179351750129869,0.1625032061402722,0.2477589142837886,1.5325095282243923,0.2113726078178545,0.305594471637407,0.315812048795013,0.1805487167363453,0.3135070617754518,1.4932172252156013,0.4422041259933681,0.3476856854447289,0.2947370255581224,0.30868754680032,0.372166871066678,Trans Queer Student Union
0.239505951714273,0.0734538581083969,0.5749861850889144,0.3448157156285075,0.2888433599314403,0.2442845734700464,0.4204997178353106,0.5050362284818357,0.5274189517670819,0.3896841491944374,0.43524972559173,1.712657965119322,0.1400697284117772,0.2523389677268207,0.4203584594346744,0.2546688665471337,1.7916843220218104,0.464640508688855,0.2913511044226162,0.5386937596657602,0.6967328939275725,0.3110841387401047,0.5332768615778621,0.2731891504362115,0.2842695204891194,0.5404183335029004,1.7062953651860089,0.2112018544097016,0.3556844158817355,0.2091392624683239,0.2659549282403392,0.1049536092978369,0.2553265924877871,0.1258276732724352,0.4204985350686087,0.1975695606047287,0.1736508055719393,0.3069539546249049,0.4449340682499545,0.4825944525504074,Epic Movement
0.2130204205913277,0.2346345422514427,0.3499298192020645,0.1491275897318536,0.2633269992438512,0.2310855925293641,0.2791815392767609,0.3791802860860583,0.4918386088097231,0.1747611975959158,0.1661823408092285,0.2436058720075753,0.5375967881128947,0.1784379333759677,0.0715399401055857,1.5553532339894465,0.3766927799063243,0.5032896826674274,0.2909435623211771,0.4127648339304292,0.2837349056045853,0.2642671879753051,0.1422284885478025,0.1088050893329726,0.2113233995506356,0.2193542231467912,1.5644835357705396,0.0667069677932121,0.477532087990023,0.1771865474771612,0.2168112961588871,1.6691662843713293,0.3327600980434516,0.0730820865065807,0.141291125614335,0.1282245922348358,0.3847136622961064,0.4629412801460919,0.2978745046921556,0.2175843139355177,Cal Poly Survivor Club
0.2280162249901786,0.2795359642298264,0.3766616136774929,0.3051215515528506,0.2995662347143364,0.1714222002248761,0.4063074513611306,0.433389447317756,0.4524143200628123,0.2356501750681031,0.2010445510090709,0.3043241565469015,0.2947038746924017,0.2441713719300892,1.5746928861681944,1.5850230365113354,0.261852553781535,1.8989153185092136,0.4384307888942555,0.328575080632398,0.2615166614997694,0.3156209957802282,0.298212325833681,0.3566871132800154,0.1716345050755064,0.3064917253764095,0.3612024973231308,0.0988686866771772,0.3706477137079365,0.4075759782174189,0.1803760360043227,0.1888819681798547,0.5052380020571868,0.3793574479270315,0.0116500012720183,0.2611678664894839,0.2796814928581427,0.5275850070295397,0.3139459179713113,0.5134241277413393,Archaeology Club
0.1807954140114062,0.2520361462704263,0.1679098502672056,0.159831925589398,0.0094659494501772,0.1198883397155643,0.0688513620905693,0.1610758435680276,1.4349185496623362,0.1260149998195464,0.1228551901123935,0.1385147300189976,0.1172156452905665,0.1457762997140304,1.4198093713690045,0.1769855896132297,0.3270243888247954,0.125595972595734,0.0606959287984776,0.410778114868447,0.1648553147495552,0.2294994661474271,0.240956750082896,0.1386545219736271,0.1687875297249613,0.1506263103148974,1.4144518263325454,0.2343413546947567,0.2472570579679,0.1607517285295484,0.2415704348930067,0.1651309568911831,0.0681340208682189,0.19033211280339,0.1899687763452884,0.1106270178217941,0.3313687274407844,0.3161902926604097,0.3312707525854493,0.3463621731074456,Cal Poly Country Line Dancing Club
0.2721653935872797,0.5321103531758353,0.4961545559643125,1.7894982954167333,0.3893658999902969,0.2202640179795685,0.5837268673764453,0.2710495324018243,0.4057920812038512,0.4896734910981835,0.3221832176969275,0.4199444269573565,0.4163205117308125,0.6928912756225598,0.3504669381281712,0.1770330040967481,0.5749223040574658,0.3075071031806328,1.8695899927773332,0.3746817779687623,0.4174662659436089,0.5269734207536022,0.3459879264446585,0.333320725789802,0.426817594666701,0.2039320578768036,0.4082152552592206,0.2429080785982521,0.3736323382888389,0.4816272920608582,0.2190518736139671,0.3705067041267702,0.5274760965183134,0.3409340972955055,0.3702725624698775,0.2911221451164729,1.743651718266749,0.2570323279532659,0.3838063840485687,0.3627345670200033,Computing Research Society
0.2858085502393839,0.3258057602832913,0.4504307396323821,0.1635696038405926,0.2392162359381962,0.1424654028916041,0.3225199480487069,0.4163929497920788,1.513810649296976,0.2827107114533563,0.3399893493080209,0.2513602493556509,0.3481763235324472,0.096704205067195,0.2459500971292542,0.4339013474782697,0.4346429853048323,0.3513086735751207,0.1200575432874355,0.4102016487424916,0.3365422496160349,0.4677894152987942,0.4265989686359902,0.4925498380309318,0.1373573657009595,0.3910399388615361,1.5997603106384433,0.2072766711901705,0.4638640582927965,0.1676685982108104,0.2694393478325272,0.2997557697240542,0.2638075711442696,0.2826509685998742,0.5011163162910617,0.3224939631582317,0.2372882713301046,0.3121083704620077,0.4798955413019452,1.5198265809174933,Can of worms comedy club
0.1351280364650809,0.1942577073757598,0.4197473489022119,0.6835027523457269,0.2806893376506147,0.2210194847479997,0.4204089852643912,1.7912822884655402,0.2885553479042078,0.1544510991387569,0.4045370645967879,0.291253428811712,0.1150611242964315,0.4912519439885253,0.3667522593722984,0.1387300422689906,0.3009086602685696,0.3224588767339419,0.3416701996241592,0.5048553159739755,0.580937201907969,0.1353535767787955,0.5200787994824401,0.5177307528753712,0.548452831946781,0.2718612075323499,0.5305248844777102,0.1863844312617444,1.7133733245593878,0.4449823670725644,0.3234007658555222,0.5483458882451673,0.3481732810066216,0.1836038478373857,0.4832135006051173,0.5709790970672287,2.0,0.1017301183568039,0.3235234942983028,0.2810660430067515,Color Coded
0.2558440112577709,0.2680580499732142,0.4634511188140967,0.2522106028960968,0.333697817587137,0.3575707285283331,0.3695372755374188,1.724541770896173,0.5169017629618481,0.1821758579732252,0.351209024582234,0.3378047134814247,0.4687091756630782,0.2727412166414272,0.3831936014561434,0.4674495493132252,0.4026024724434253,0.4222618274335997,0.301325188869351,0.5229783704906084,0.4348163466178225,0.5312191875483396,1.59930099825483,0.4923731798669472,0.0956390630631119,0.2995554571100068,0.5548456573381609,0.1660115591027589,1.6002354521029545,0.2914412808362682,0.2577636451914062,0.3541871810285521,0.3396755378487748,0.3458761979171075,0.2920535945304851,0.2527535314488507,0.2829592535654991,0.3324932228242733,0.4042324718803025,0.5580045447085549,Latinx Cultural Association
0.2011612813147194,0.1381510544993115,0.3882152077518455,0.3346155295894842,0.3245146569834717,0.2012528745404167,0.6633379511949912,1.718329313202806,0.4999453806491459,0.2441853640623881,0.3631614824221774,0.3894888792222689,0.4365565678724858,0.3829228200190825,0.4177912465931686,0.4161885946502772,0.3520598492780724,0.322861435295729,0.4728664391781974,0.5159377169727069,0.3931939323698776,0.5847354564750402,1.6762731671454252,0.6079487652532003,0.3366501917810574,0.2975611680055819,0.4795733235259638,0.4436278683001135,0.5249489621545721,0.3157867286810856,0.3838625170715053,0.1746636038616963,0.1699730717292096,0.4352521409408763,0.4159697088461316,0.3502701758262893,0.3335599958317917,0.2218934287601662,0.5226866517501952,1.6836651544427956,Italian Cultural Association
0.1153267878908902,0.4889997904809542,0.2584834477721991,0.3945668376980483,0.0,0.285934235466427,0.2908912224485204,0.1556166540654837,0.2878937267283474,0.1656227416485027,0.0,0.1257966781381946,1.6399031649612361,0.3952904045166014,0.4587557623990936,1.5274845887483437,0.0421431028923718,0.1063735424784024,0.2512483589909555,0.1262292437330724,0.2328735839525153,0.2211914119070826,0.4661465287613259,0.3845437476829756,0.2219500909007948,0.2583441825620468,0.1021544948634219,0.2749291659416606,0.3189269692304224,0.4590533914217493,0.3987346677290693,0.5049325629444421,0.4044089875056163,0.1526994816749877,0.0241598148644667,0.3180531144541066,0.3068891776072744,0.421753759282739,0.2143801193722983,1.519314486289642,Cal Poly Fencing Club
0.4036742082871556,0.4401815901766756,0.3006965892483312,0.4282822238780761,0.2209339810831775,0.3338512295826661,1.7878324323369728,0.5875963663230293,0.5015444042850925,0.3233809254463797,0.2562170536306711,0.2909666487085953,0.5829557385848068,0.4226285436514417,0.4696178758292712,0.4367493796515834,0.344460527121418,0.5668053778235272,0.513930562114214,0.3000252144058096,0.3623996603317337,0.5175016361762838,0.4537107789877649,1.6332319788173217,0.307894510976114,0.2948125456396517,0.3712766597380072,0.4308429841027883,0.3965151498878522,0.5564195362832071,0.330156662508188,0.3275473858837636,1.6304076783142494,0.1981645924216374,0.2966452408751439,0.5107944908939218,0.3410654718309791,0.2139212212918625,0.5560027511751322,0.4857929352299804,Association of Transfer Students
0.3960884977969801,0.3104550266481831,0.3886086226702926,0.0822308926517535,0.3354996336065989,0.3221826138276322,0.3295967530861166,0.2442642584377216,0.3612265483293039,0.1269921713406777,0.3200023482004162,2.0,0.20750809541398,0.1232277715521373,1.7678900461318565,0.1834368918866989,0.5251452626491822,0.505761927682515,0.0619613809225116,0.3764412781505982,0.6212421939729929,0.3341513589681019,0.3445813600026928,0.1205401734171426,0.2172796999985412,0.3595451254707644,0.3805185318630539,0.3775025638909023,0.3901392365979886,0.19774683162121,0.4571560315158189,0.3455451653762782,1.7602697551016742,0.2100988556565324,0.600060203398669,0.4515098931371733,0.2751886698576689,0.3224385093901524,0.6716816164044502,0.6569220736505862,Cru
0.1779922011990139,0.4230063468315645,0.2422031991235016,1.5998632773054533,0.111021410357846,0.2344205101655986,0.2877783199013684,0.0428953468034113,1.485068393125757,0.2976939782166142,0.3138032652969789,0.1552227238652798,0.3423665891303723,0.3688186218560211,0.2549577640878397,0.3566118512896949,0.0933319784768491,0.2013798976994223,0.3193793792943584,0.2476763719316263,0.2632616693913473,1.711712033318061,0.1957632795844281,0.3991161501766345,0.2067187374373201,0.2498529575808691,0.2882445126886246,0.4157901510650221,0.4582257995457358,0.3873457698920423,0.3901604447609336,0.3874944114142399,0.2739276200786872,0.2159506906360371,0.162294252200328,0.3177019900942833,0.3896049137729407,0.2399464346475003,0.3202669575643068,0.3761163039156107,Cal Poly Tech Sales
0.1499754320534156,0.2453160740241097,0.2227068938744737,0.278842922612988,0.1239266838241073,0.2376403343694264,0.6318073017632881,0.1624319369252634,0.2070083488515406,0.2542622808231176,0.130549517849396,0.2847227731180101,0.3554425059574028,0.5127039372540773,0.3651008792881061,0.1531459233861519,0.3371321418131865,0.3645658872853077,0.2889845729777534,0.2538077999079666,1.8980758600247931,0.3654238765923364,0.5075549745424893,1.7049632569924777,0.3952672105674478,0.2606972161374117,0.114074595205827,0.6092366363205695,0.2876265066671392,0.3921492097933567,2.0,0.5113678324924659,0.201968969107157,0.3713822717639419,0.2465696313995567,0.2929895953156288,0.2731127642445917,0.0985443852847255,0.3238882371902597,0.3812722434964053,Undergraduate Law Association
0.2034980532983564,0.3490216983859417,0.2147028026453517,1.668436275502616,1.7990338355609339,0.2400663645527349,0.1856415520134295,0.1907894101590094,0.2358424832893706,0.4014726006788768,0.3296309255294136,0.3812168418913225,0.1051774917215595,1.888280430582951,0.6311087296130551,0.1607617965459833,0.3499379986514218,0.209509977659451,0.4594989452541105,0.0,0.2483795264594629,0.6301913233731846,0.4445755769929847,0.304169121228445,0.317737602080343,0.1395790377511252,0.1559488662030519,0.1330165262045049,0.3224314600837553,0.2053273641662545,0.1130993900654764,0.4153454714728512,0.473365199275395,0.0951607782891691,0.2341075935276422,0.4527341945714571,0.4817390658476321,0.5893040779887709,0.2519821410263098,0.1948387860173031,Engineers Without Borders
0.0599603381592542,0.3270943910549878,0.4267820316589036,0.467774021900859,0.3545129468755035,0.2875752940444696,0.3058912846547561,0.3786369350034939,0.16924760197775,0.3020783133954077,0.3929538649078084,0.2513658543245709,0.2963008508829328,2.0,0.2058919020739267,0.2725798112572412,0.1865726729382863,0.2317523226226464,0.4194824917775697,0.2936269783346779,0.2999415644652027,0.1674142663430549,0.4432583879466991,0.4720954552971076,1.5224695773240258,0.3170894159665184,0.4494450618918672,0.3785947721245562,0.4113079779002312,0.4929349606697465,0.3762162550491446,0.4555523027923139,0.2823047252207764,1.6454762270979286,0.2557731263198656,0.1945281270801122,0.4847022020309686,0.2275620995922727,0.2971217849074946,0.4698646479901179,Cal Poly Society of Women Engineers
0.2500845783259658,0.2552958712929294,0.1852950449987761,0.4724681946227336,0.2897657444108263,0.2667050331915315,0.3499593935399919,0.3123297957351168,0.3341009264733002,0.2369787409094696,0.33419356688302,0.3136549052472157,0.3212169907690423,0.490488775926612,1.8309865009249948,0.3834219245280205,0.3772559427287041,0.5806654246545269,0.3975763881782772,0.0997512023266594,0.4164082691173423,1.6958535009605076,0.3678740494629404,0.5137696087143167,0.2866130274516216,0.2262308903079176,0.3446029202928944,0.3541393076235496,0.4508197646506723,0.4514295126836586,0.2472295890233454,0.5279961636166586,0.5104808093848143,0.3592892263079352,0.2335236608899837,1.640017149263513,0.2927435889671052,0.3498260606427266,0.3470133561658187,0.3768300250053906,Military Science Club
0.1554793418627971,0.1525449669828581,1.8333619808152486,0.3982209690852733,0.2005508185602732,0.2797013442688995,0.2015387259911305,0.2665725644414902,0.4580501280539099,0.3292798146662246,0.1817264026935541,0.2882554729289305,0.2377992896078188,0.4019892358833393,0.1740994733477071,0.4134897912440622,0.2900967126132415,0.2643082035276657,0.3234650830253564,0.6154375167330752,0.4023335273326366,0.380490166485819,0.2422871837539146,0.2834106536979175,0.3354383790766125,0.5749452537894253,1.9798257146130203,0.2902777604661633,0.4830014886957515,0.3614657723593462,0.312575333841083,0.3216213269433469,0.3832671918426127,0.3296360161738603,0.1426291904652316,0.1925489325624205,1.6572020911678682,0.4268893494336306,0.3859489476231692,0.641527527427885,Cal Poly Animation Club
0.2906137644898984,0.1789532964253267,0.5882140072335045,0.2141890225943069,0.2695104749545408,0.1918551038011457,0.2864073410627182,0.4283481641058302,0.5876094540286798,0.4136412537072886,0.6530012101264914,0.5126166542563936,0.2306442014498566,0.2196734784950485,1.7904224705137812,1.7793569151194664,0.54538326344631,0.3936105494253539,0.2944533209252709,2.0,0.5176002530859911,0.3107995842657218,0.3095583161422525,0.4378854906946113,0.229315333879066,0.3063111159664815,0.7549785685452512,0.2247218983403946,0.6704149314762636,0.1406040853591877,0.3162525675394122,0.50474540816128,0.4585087305456468,0.3109529819273198,0.432450640118334,0.404070809742905,0.3733455082079212,0.7070379228901604,0.5296034049383924,0.7232174098894307,Swing Club
0.1701554434563457,0.5073259112420592,1.8102466847337153,0.3342184358601658,0.153522209430829,0.1987898125482725,0.2878807947729614,0.2278874837819308,0.3480286300247119,0.2605474059219939,0.2506380036640167,0.4169501778273543,0.2255269743926935,0.3893433280027109,0.5286196450445733,0.160150614298045,0.1473779632205295,0.2354581681919021,0.3195619069305482,0.4502322582610983,0.1653215035084949,0.1670144950166872,0.3597370538617042,0.220999237832041,0.2179443099336583,0.4728557125838621,1.831656567346427,0.3806641594242736,0.5022519421572461,0.4502014458368066,0.1414070528679311,0.1957968185675349,0.4741648493919524,0.2981376130083587,0.2346800463460188,0.3249739751396591,0.6414237642680335,0.3895463759798163,0.5335244296766456,1.9162578094790672,Cal Poly Fiber Arts Club
0.1272965363367493,0.1899291134888703,0.347586896879176,0.4794636234469682,0.3230811447898017,0.3268866586350488,0.3309345925428656,0.2484116968787235,0.3013077257889227,0.4132782967811281,0.3254056605375762,0.2358961251586869,0.2802050283204636,0.555196289786051,0.4122251074179253,0.269934814558174,0.3342224901965063,0.2606412630218551,0.42278508942437,0.2724073250842477,0.5756119633601385,1.6581278076612795,1.6487064976310584,0.5108243470669528,0.316282691803391,0.3476297447477027,0.2825199726389418,0.5075622592796621,1.7313137054631134,0.4852124801225569,0.3885724335646117,0.4740778872179229,0.1296405031946417,0.3809386954371327,0.2615398784794538,0.2546144046059325,0.2887183659592092,0.112691962455991,0.2492512404308893,0.4833083430172554,American Marketing Association
0.2921921217733991,0.2531464133668292,0.2109808560806202,0.3152911161894762,0.1289997064844157,0.150913770073469,0.4957613043757637,0.484210513696018,0.5042826533228391,0.0901464125705115,0.337769811716187,1.8618273823372977,0.1451875167085715,0.1888993133118384,0.3570683665073341,0.2600622887595589,0.4151371512942753,0.3467259849044903,0.2676430771511568,0.3098217672923856,0.3428317875378981,1.536414781508005,0.3499410022637906,0.4380753121365439,0.1961399362241335,0.3735830279792998,0.1443992536302064,0.2147326241104268,0.2698056158103379,0.2127451277523805,0.2706666279228247,0.1821945032158207,1.5243625468491044,0.302689923224647,0.3908248529177464,0.2735588082246546,0.1375210855796894,0.2163501911933839,0.3720883643599726,0.4489586735959841,InterVarsity Christian Fellowship
0.1670798923526457,0.1716514493419256,0.2873356168290755,0.4775250374574841,1.6765993179933216,0.287069222437353,0.4384692774119,0.3221104716445518,0.3738752803678224,0.6122386513150961,0.5436348733245073,0.3479171685137867,0.0787131099528926,0.4138479573981656,1.7675280873555417,0.2845262182282905,0.2470252634702603,0.3323875991259609,0.4274236492519414,0.2406013242472554,0.5595983143931214,1.722965025708632,0.3967135210618079,0.4979213271739871,0.4476412100339279,0.2335305988899184,0.2606251534779478,0.6165023959073749,0.3418500751416791,0.4752870027210157,0.3541247000813932,0.4510551097815495,0.3699889432304022,0.4438842127170148,0.2651477118147997,0.5162194668879517,0.3324064902156849,0.4246437303062998,0.3970736610417361,0.3437953313904259,Thrift Cal Poly
0.166495959938205,0.3770821160359942,0.4195555512467565,0.5764733804862334,0.4508818365291073,0.3011443920564525,1.67801090645389,0.3517418178662804,0.262970872072801,0.4341849232100115,0.5318598289161838,0.4079123074363417,0.2902882907141469,1.9532657260592465,0.4097274099965698,0.3716274811413957,0.3599743745069543,0.1961031238203398,0.4723347511648967,0.3270940866148276,0.5692448228594694,0.5570878074002309,0.4707950109023192,0.267296120888232,1.8032458317770452,0.3105266118379649,0.338212871440217,0.4477130504451009,0.3966295260393461,0.6159789303416207,0.5837630718419848,0.3798573584781377,0.4296109462168404,0.2266521655146192,0.5126014628094068,0.4496223194314439,0.425044484031051,0.1973066761046106,0.4521653196992153,0.4284513111940398,Society of Hispanic Professional Engineers (SHPE)
0.0878370217730091,0.569946564435905,0.3526123738223071,0.7398247453033772,0.4215403495056298,0.3131814720758789,0.5333416616688111,0.3568366941780072,0.3099865680118421,0.6101462360245729,0.499119198056665,0.4188991525668131,0.5104065364212405,0.7240521535572562,1.9233602662912004,0.1582528817210864,0.2822837757843595,0.2705733344867675,2.0,0.2637585278235634,0.4598268583811122,1.802971347824899,0.6738950423678315,0.6250028815101923,0.5778736032844378,0.2602132371016277,0.3758873754482668,0.3475849803845535,0.6390113950673404,0.7092803891309514,0.304883019602101,0.5284990532071028,0.3518412543140166,0.3684973184914352,0.3778094765017173,0.6008209306964838,0.5849315118511264,0.0576227050383212,0.4774828714258834,0.5252330969329124,Biotechnology Club
0.1055326341261917,0.368348664905376,0.2452058819582397,0.3850926708515704,0.4998714266918816,0.4150705630871078,1.9899131773356264,0.3756143036159918,0.2211665700096858,0.6360612324349122,0.4614296880776529,0.3116845568929418,0.3977045673244666,0.6022047335686401,0.82780295790745,0.3314917633603754,0.3698822921923954,0.3358591668976174,0.7969213941966325,0.2906569766613934,1.8447414356976428,0.453565246121776,0.7821001326503162,0.6768327217993673,0.6064088876856986,0.5030776992191073,0.2345545441879416,1.8930860473693414,0.5968348111338677,0.7033974627015352,0.5259782796456214,0.1857777034824149,0.3379457068842462,0.4732527638299654,0.1916226581526237,0.5935385755989739,0.2489540828317776,0.1527478670426213,0.4879682522839678,0.406708614083234,Cal Poly Economics Society
0.4219615091855495,0.4260863621617139,0.287813294190173,0.4522768424721397,0.3412534572890983,0.6800437422048831,0.4057909019629259,0.6652368908977336,0.6596444239060667,0.500474412760228,0.4162872351157133,0.5570299197949126,0.4662828743775463,0.2662592723646936,0.5252717058354851,0.3727483279001491,0.64984700443337,0.6003965383495435,0.2818893855217109,0.4184873821398775,1.7918100475751384,0.6777664617952486,0.5214266385595826,0.6101629419302919,0.3144441798330619,0.3760945463118765,0.6032809848121212,0.1239067520558886,0.6035025348380768,0.4715284298871323,0.3098179962092906,0.6947541832475124,0.6723173382672533,0.3078921713606773,0.4786874505480875,1.7042245135345482,0.3624425651431509,0.291307826981561,1.745403409972794,0.359078054872733,Pi Kappa Phi
0.1681570748304618,0.4545657850736426,0.5161693184736251,0.48439343159461,0.3663830728996496,0.3126760928608454,0.5749865697436045,2.0,0.6327118684802734,0.35204388885913,0.4230980827421413,0.6428120410067597,0.330353254825055,0.4854305933631117,0.5551396940784294,0.3605144356138126,0.4070953046932674,0.5892498088897222,0.4671111311283002,0.487254676975681,0.3073631013410919,0.3110321201182598,1.925163042481824,0.5536199507435151,0.407609296091882,0.419444127907738,0.4835516279875005,0.4345825697663868,0.7537026978290673,0.3731806200341299,0.4384503749270497,0.5255569884438177,0.3904756286559373,0.4256455133613922,0.5213071800102957,0.3872385895537009,0.5023866548490515,0.4069296152945351,0.5888694979582432,1.761734568197174,Russian Speaking Association
0.1726731662774279,0.2540989994891044,0.4996155622241937,0.3674923578309043,0.3113510680352982,0.1733136590495152,0.3774504678770959,0.3601409323553337,0.4676207672625057,0.3115132204658151,0.438194871654245,0.3415084769437847,0.3036007388657384,0.3629539299303569,1.6462998470355654,0.4603656475476987,0.3047794917892162,0.4106374389895331,0.4183582480951527,1.7398139336387124,0.3038169356666156,0.371171188998975,0.4550583322096974,0.4389481856603424,0.2786641693684732,0.3757218407335491,0.5453383147973531,0.3692876190620044,0.6207404217173866,0.2251369439911335,0.4431389471836462,0.3258756875447735,0.223296402575366,0.1634230264844037,0.1648325209024272,0.2798374730690446,0.3840074775820695,0.4601119791749117,0.4991116500795612,1.8873700762499146,Cal Poly Salsa Club
0.1127929090187562,0.0489372079101942,0.0842900663962889,0.006492509633027,0.2214722724692878,0.0,0.0330583693457735,0.0,0.1984584128946191,0.0842630383819967,0.1960480015514326,0.0053029806679166,0.2293900803140148,0.0,0.0998640668433957,1.4916385143170774,0.1675551281022963,0.1392120343920963,0.1762173533517235,0.1289920145661782,0.2131594535505435,0.0436229032316181,0.0,0.0,0.0151520124543757,0.0,0.0609591441862972,0.2023688897792938,0.0,0.0,0.1788614935613287,1.2808477110849525,0.1166248763057824,0.0813009255575248,0.0304669929696658,0.0999230266531173,0.1109707039354181,1.5397835667903828,0.0,0.0,Cal Poly Unicycle Club
0.1525230297734542,0.2594636325559898,0.2973481331078563,0.4350043346194909,0.3866640650654865,0.3190306217127273,0.289376801155927,0.5502600561424982,0.3413981604518387,0.2954698324949302,0.3740684336303502,0.4211891784551183,0.325989585512684,0.3556933953123709,0.4608978184523681,0.2383721560010644,0.4426480409898687,0.3563585071708521,0.3406412876477256,0.3463725972188328,0.5510637023624564,0.5635824909542279,1.7594301628843483,1.593141167237,0.2862087317911465,0.1892713960618955,0.2711928036613042,0.3242900470116416,0.588741405017996,0.2420320621379484,0.3929915550987889,1.6344761734558486,0.1967282531925711,0.2209000042791409,0.385363347652235,0.4540124576463948,0.4117948266954219,0.232066686969884,0.5583650659925405,0.3996944725631549,Iran Student Cultural Organization
0.2829352256836223,0.3314202600780729,0.2877865680412212,0.1111316828619519,0.4100681743396189,0.3946250736095844,0.5125926808842008,0.4289151039288148,0.5716706499672641,0.3130220348420969,1.9888699039666704,1.7267214449496282,0.1936934625124042,0.1971243363314019,0.4886222670082861,0.4205723091261225,0.4185355571392357,0.168765983640672,0.3428905659907604,0.2617737983544997,0.6360049862389368,0.2525046347717761,0.2890348331486563,0.4673107781110532,0.255141941955797,0.3877212770759912,0.3267596945751762,0.3410093059835345,0.4306977203423203,0.5975125896974621,0.2493161907773256,0.4432627705238143,0.5923781539027368,0.6354254242076486,2.0,0.4064112651128212,0.1435768757483429,0.2368074654000288,0.7227559131456734,0.4833555314684427,Men’s Health & Wellbeing Club
2.0,0.519167381423612,0.4065214786673767,0.3909735756838821,0.3926788255548881,0.3141163130643098,0.7474741076445592,0.5780252348975194,0.8183980894414947,0.1524044025842379,0.5978350783228884,0.708323276462155,0.4328048056579939,0.2421716946309006,0.7261235544942894,0.5916300915739579,0.8291686847521835,0.6084553820068237,0.3541803108444514,0.412086382745248,0.9951075013779496,0.5728591579235243,0.519886545972827,0.6013163474089582,0.166615270994284,0.4848552572919501,0.5759549971476471,0.3633547247752485,0.6701350800158234,0.4003878200934635,0.4395604913697214,0.7400791948388422,2.0,0.2683841227257948,0.8357954411564886,2.0,0.3201473727929234,0.4656111903073501,0.9850870401820504,0.5793446325283629,Alpha Phi Omega
0.2145349813999917,0.4027921909211608,0.3525048986682637,0.427153509480164,0.1691558836476769,0.3373424491478707,1.6041048660140587,0.2995750592100065,0.3942533427926715,0.2468644038405583,0.2884207907282715,0.5035091028917672,0.3230490951850566,0.5307079133781901,0.0767401616551781,0.4145499118783372,0.2884738818449829,0.2018534439206674,0.5861812982112397,0.381560574418319,0.3044398565601734,0.4543386074696152,0.44767348518952,0.3436369872179286,0.5044125078860411,0.3187390300730368,0.3104933139658916,0.3607064192078246,0.4404705137987946,1.6274034344969004,0.3124907269086397,0.3752473879861602,0.3308991056038931,0.2717852538600177,1.6957228880421011,0.3022778361370887,0.4851859682864615,0.2739080438819899,0.4259811750815629,0.492114866547935,Cal Poly Cognitive Neuroscience
0.146843242801104,0.0933298354398938,0.3193403003164149,0.2613006612531866,0.2135140830934191,0.2341627392936005,0.4416442464054697,0.2392221975750126,0.2295796081631593,0.2781962088771116,0.4510912077292979,0.3346154712193403,0.1399619236326222,0.0746543275941231,0.3576667973600436,0.1142659151026209,0.1220417335843435,1.6554198168418421,0.3928378637724046,0.3717883572006803,0.0339267930361404,0.1811221860525796,0.4291036002248823,0.4651479469353614,0.0,1.6964424681138572,0.406057467216101,0.154906139674148,0.2212715246308659,0.3028990903089903,0.1600970997951264,0.2414519189426208,0.0206314991801411,0.1544464690995076,0.4694296890964343,0.1638774760963525,0.062427483417941,0.1267340097117151,1.5711867448877288,0.4589294273423148,Kappa Alpha Theta
0.2388552644589113,0.0972431666489276,0.3163715656967218,0.4302382593141592,0.405755834131461,0.2749104824283439,0.247770512203349,1.9091911258899321,0.3975485254932862,0.2311822047740968,0.3835317020819227,0.6286900303543445,0.2539582204488159,0.3975988705212008,0.665490171025103,0.2304799344928876,0.647929880785763,0.5626287388694577,0.2958152347241464,0.4973492082461036,0.6245948996974882,0.3111301566833091,2.0,2.0,0.2067234868723918,0.4616600603593635,0.5503776384449504,0.0837080399922239,0.7106675366192098,0.4062739086800228,0.1778003675450509,0.4934905737271887,0.3089627721673225,0.3972947004327246,0.4435983699875881,0.5297223958531226,0.3226516368653396,0.1978638664998711,0.5308831743369596,0.462755519810219,South Asian Student Association
0.2467482158288623,0.4406586054908698,0.3491781237407587,0.3426879355419479,0.3490564519620486,2.0,0.6236945275893043,0.3696180652424381,0.3697786327239921,0.3997089093139244,0.4202481111606638,0.5921442878031669,0.5513558271110046,0.4429471619154397,0.6824100567826719,0.2715667097112086,0.3309162683320137,0.3979667798761557,0.5671547319183255,0.478594163223366,0.6822287340618025,0.5822004181851924,0.5696818565705126,0.2737961213867585,0.4229037491927374,0.4609601988958925,0.4383102684055732,0.2175779642827212,0.5138475508074838,1.8624750754256612,0.2868237421453041,1.7882703663123602,0.5498590628288529,0.1996550707585041,0.3599499164747013,0.3641825630301345,0.3113442114591711,0.4325722536254635,0.6193592209462866,0.504944739080089,Military science club
0.1213902887398829,0.2297049025027316,0.2739039252179304,1.4724733208220262,0.1109468099013316,0.2712167046759675,0.2573797028088934,0.0937906626303998,0.1564873302118472,0.2975155873856979,0.1273901668813268,0.1761459457978131,0.2671891953139484,1.8308275641482141,0.0470704299547281,0.2066992151115461,0.0608983402099491,0.1343074871305277,0.1370835750485813,0.3029014288795786,0.1649592456266387,0.4723610151216194,0.2119505137306461,0.3528938662933177,0.3416579056551862,0.1275449605238589,0.2524306302787609,0.4524306834324049,0.2051117742582094,1.627453043403769,0.3947846060557085,0.3616121901764138,0.1491369377420696,0.2418709068147597,0.0904794571377288,0.1934992684301915,0.3036369082867816,0.0902684540714439,0.101542726054694,0.4145162871676062,Sales Engineering Club
0.2389571364848037,0.1950956522401433,0.232514174349871,0.0,0.3232345919427268,0.3505385935145348,0.377381542435999,0.367318422268393,0.4316732042074899,0.3911935529112983,0.3359625214471943,0.3736630476976652,1.8902237107405861,0.255122291852291,0.3665110492397283,1.8480631706557724,0.1472773221521675,0.3878892571606122,0.4023045922019135,0.3317295433602393,0.4378347676076549,0.3555199284902566,0.4728044777440002,0.3005653905745885,0.1164843194574064,0.2936774516201363,0.4045285542660687,0.2482898089219232,1.4847570870071651,0.2840811342173082,0.190669537223315,0.3231995005658989,0.2475200779386648,0.2572176952045687,0.2829740141300725,0.3109979288950563,0.2070162789109553,0.4657483611027893,0.4649899138872731,0.2159511971821008,Waterski
0.3018492709989122,0.287560162858872,0.374095573054928,0.2547998936865307,0.4340009021573546,0.1970737411053477,1.9210515547108968,0.5016358208243344,0.3475833825736212,0.3076932173266796,0.6685380840661634,1.7143536251567626,0.1000414319567725,0.4437884887888049,0.4969544977365223,0.4183074849849673,0.2726264703776566,0.5446432837509518,0.6995315629351646,0.4448179495767518,0.7065895572925042,0.4342538774094511,0.4607346861627013,0.5732885468056605,0.4749808241558981,0.6373922215378992,0.6010115491233867,0.4919171547704557,0.4976567588905805,0.5183541456660419,0.5584241669064178,1.724556198915852,0.5061867732433047,0.3394924823919094,0.5790402791359326,0.6077147918769308,0.2523037433667251,0.1632086590854487,0.5881723895936214,0.4840474706672581,SLO Campus Ministry Pop Up: An Open and Affirming Campus Ministry
0.1631913577236247,0.2795562529747797,0.2084245449774489,0.1934861877838193,0.4559171105766205,0.3617071458389158,0.3348688969799968,0.4892845230450653,0.2652433658444118,0.3646963648794064,0.374981454946986,0.4710355570932933,0.2630984131822468,0.4967847860252705,1.5312428052362723,0.5239185846529548,0.0509862887137246,0.4153810252409272,0.2350385790671743,0.2178096715253938,0.3861518573167825,0.319224040205426,1.6400457199999146,0.2775555012642985,0.4755482685651741,0.3675111924706944,0.1246176432332069,0.4607460766884932,0.4262915323238957,1.6140368730520394,0.3555849970929285,0.429349684997048,0.5110674673414649,0.3226144269861221,0.3501798774665286,0.4628407539573497,0.2567437782929113,0.4879106434810656,0.4896683980800831,0.3113084709646927,Sailing Team
0.2274817110848377,0.1428654628371584,0.2945038402423838,0.2173055141259094,0.2611501957863419,0.1923809979235468,0.6158955524218938,0.4608949879175749,0.4825380217179755,0.1200478623983017,0.3072137066487259,0.4001694389577819,0.0705201026370093,0.2683976598835594,0.3202143776589835,0.2692603690660693,1.7981520134765332,0.3439994133236187,0.3685570552868432,0.2139164250493359,2.0,0.2702221162187265,0.2828185304655312,0.5755171071970663,0.5218657205792003,0.4072068650943027,0.4503982714548929,0.3312985029372622,0.4477947661638233,0.3164384615883737,0.4849471460641626,0.3116118645781859,0.4103035853674718,1.7887781550899042,0.2897398482089336,0.3402257806988647,0.2720612377496274,0.1472950640790704,0.3837251533881619,0.3415147030431698,Women Empowered
0.3467775935153842,0.3367122738830865,0.283104266862384,0.2573321173179509,0.2977354154967391,0.3349385308407669,0.5220293155855603,0.3518796888696981,0.7544168966052871,0.2857159896772642,0.5817387357662206,0.5456397859407067,0.3823418172602514,0.1604873573455386,0.7041935811339505,0.3742548168514665,0.546848699368994,0.272419444952669,0.4863236149639779,0.2297596824138094,1.9710043675721476,0.7944219478184713,0.6129579850091652,0.3138860612268189,0.2743331086398217,0.2751710736396313,0.2257742913068059,0.0818492425955619,0.4179117878607732,0.359742150314495,0.0864613421699013,2.0,1.869526101905362,0.1765183148948742,0.6149493789443561,0.6692769146692039,0.3352056562428386,0.4167275863020085,0.6188406963554682,0.1437575416727504,Cal Poly Red Cross Club
0.1770424583876542,0.0,0.5122671806091347,0.2603384464872693,0.3793222089793786,0.1394639725519473,0.2519649738354049,1.8674595982876387,0.596465770231958,0.1842901557356822,0.375211940062444,0.396175622090456,0.1415091053958763,0.3189919461423847,0.570202596829282,0.4903515685927811,0.3691824380267807,0.5987714869920182,0.3673244099253188,0.5153835785006137,0.3412045336836715,0.2726055704863577,0.5866312601109867,0.2671523927126241,0.1891125816266747,0.4324583724026836,1.6005431809970738,0.0829748375810402,0.5722906202696001,0.0236357694345562,0.2357268962790471,0.3627340917100973,0.2903661265846998,0.3035985405216975,0.1518974844634972,0.256973563439247,0.3363170969985141,0.399745676388793,0.5091753735780791,1.6609691693170154,Argentine Cultural Society at Cal Poly
0.1177130090402705,0.1775775356712577,0.3147105205246752,0.2648260096138091,0.2342264595080537,0.235528828873708,0.5629737861058854,0.3636304782338461,0.2686347399632144,0.2180385005694631,0.304889743040154,0.4773902167629061,0.196911485837648,0.4746113406992964,0.424398154845383,0.212820625926373,0.5648904409453717,0.5736372835519561,0.4409241028449819,0.3997873825212162,1.6527918749307033,0.2119378876824791,0.5282559736215353,1.8688336015596392,0.4596284449094367,0.3874247164248894,0.5975283064508264,0.4974033155305026,0.4847186034516694,0.510394872935902,0.3269310080111539,0.4477575404779997,0.2684766341608518,1.9301692068723528,0.3843524857876859,0.4519558240637135,0.4012487494730524,0.0,0.4384331418355851,0.397818621533369,Association for Women in Math
0.2927825687245542,1.7892183245580682,0.3009743009623835,0.6001834780453806,0.0779814598818799,0.2518444005921393,0.464408429648545,0.2167530474676093,0.5758537885072451,0.3300120319003906,0.6063162436313676,0.484486675385856,0.3484099862988934,0.5513356634662258,0.4981143643164498,0.1659084756313566,0.1866760698805039,0.2054079748245522,0.6223683248937687,0.2528901370186587,0.533778922725973,0.7494893248094203,0.5754863054193153,0.3487737602955862,0.3443377178534769,0.3609961775920078,0.2305746657059086,0.1863289076825418,1.8081096103989214,0.4572403255034216,0.2546043064266672,1.7620807066022781,0.3900304232543619,0.1506582285060157,0.6674067507949528,0.5562889372685558,0.5985664176116544,0.2238658472472981,0.6606652105330924,0.3254435631840277,BMES
0.2177090322988144,0.2175151421994798,0.2592924693215376,0.1872162349786951,0.6263484259581521,0.2413044956088256,0.2810563560071722,0.3607815221878997,0.4923601258015292,0.2588017150682049,0.5160844093913267,0.4818567641822397,0.1595424830650618,0.0907188663116769,1.6654298684919606,1.7659811542255337,0.5112755351574385,0.2567524921060322,0.1543772399337359,0.2672195536602513,0.4093147376180408,0.3299849387265974,0.2254791673765073,0.2408542773426059,0.0342667075796573,0.2929365376377886,0.2123526616586195,0.0857585352032506,0.2671565184852619,0.3576178788529139,0.0,0.3631284441683418,0.5236118291583113,0.3240043060142564,0.270649546510795,0.373317046808332,0.1999031164414925,1.948287722546352,0.4450784194180944,0.2394154089381922,Cal Poly Hiking and Backpacking Club
0.3596278774002128,0.2364819342514658,0.6223858811070287,0.3385046513840223,0.3075242401375742,0.2676643759256155,0.4689295509021978,0.4446433502336289,2.0,0.296221113615652,0.440838927318367,0.5079833029619997,0.3306182534709085,0.162687334657948,0.6505971682684218,0.5478112667966282,0.6619598967906295,0.480495608391161,0.4792946813486408,0.3425790146102624,1.8720950052732142,0.3499313856318499,0.4493778809986825,0.3574093500866338,0.2313698037929214,2.0,0.510333133931799,0.0,0.8054288944752503,0.1478665336425184,0.2108085876293101,0.3364716086147852,0.6700417480899963,0.3410082382200567,0.4806393199520126,0.509651916681321,0.5590054954842171,0.5180173939642511,0.584258785600854,0.5064765852844576,The Writers' Collective
0.0499446211688165,0.40139121696948,2.0,0.8061403147047159,0.4010967432140957,0.1177926140587738,0.0490079549893384,0.3316409708166454,0.2282731138603921,0.3864897951386807,0.3378611083080088,0.4723091256045959,0.1680192126044942,0.939708495105348,0.2295538024734412,0.1789246080469281,0.1590780084500173,0.3593679637754533,0.4416564733274571,0.5622911790974252,0.1638071923745961,0.3069903381764145,0.5499365349820912,0.3828586737575763,0.3194164142963875,0.5481361348079435,2.0,0.3884206941581749,0.7413205442038381,0.4085752198746422,0.22422213665615,0.2869116735498044,0.1055749120996527,0.4489766697293017,0.2747112266231453,0.1384928496949042,0.7416737060945983,0.2937014701976694,0.4897933581335311,2.0,Cal Poly Textile Engineering Club
0.3006150345371517,0.6266199233243024,0.4876709255524807,0.6353529395108802,0.4723177139703757,0.2864111819355933,0.497791268583647,0.6522584825661386,0.5654528106539337,0.4994173407495098,0.4720554369192676,0.4970114343084826,0.4166407613003573,1.9661248731371077,0.5222908463321136,0.3790432842915511,0.5441768107692007,0.3496925124838214,0.5374918440966524,0.2823276748635254,0.6169958905887649,0.576440531108027,0.5058608377591991,1.7356584520347993,0.4881771860434005,0.3353543733487726,0.508711547829806,0.4291466781298133,0.6602335039475766,0.6003276487603975,0.2793975554121709,0.7351859374276849,0.669270912997566,1.9785219837535788,0.4865132358494404,0.4896250851523752,0.5983430489949206,0.2328159064954407,0.6678764966433081,0.5426637248918715,Womxn in Mechanical Engineering
0.2311998714183736,0.3629701120523089,0.4305906880608244,0.4880413164873326,0.3840946760349092,0.539205340656891,2.0,0.287392349640087,0.3559756687713944,0.3427585461782743,0.4666938672895941,0.4672265397879069,0.227905788569432,0.6649699431750971,0.4756715801286331,0.3227506940937542,0.4952692131139171,0.4115905851349958,0.6825527262066531,0.4662984052989049,1.7485917762633427,0.4590100020181105,0.5930336545358635,0.3788889865419594,0.6404951308678564,0.5287098589198523,0.6538730222329708,0.5943027246398228,0.4618314340974062,1.8364316313289446,0.4930595500010827,0.5854771759889237,0.5835156749498629,0.4520474380955395,0.4618210074362077,0.5738069262026638,0.4356583754007954,0.2914030678395297,0.7293202692655045,0.473547481333779,The National Society of Leadership and Success
0.1603566911951428,0.2594077892628416,0.314364131616631,0.1901254718965088,0.2529991320769964,0.1040089973447629,0.2216360650040718,0.633877669440223,0.460948305496921,0.3237254078265633,0.3379525987942915,0.2716087301830065,0.6743716345499366,0.1653731589167295,1.6991659770810772,1.9775176269067472,0.1510264473936687,0.2278773133518037,0.2526892952786314,0.6150117438485334,0.3031382506443495,0.222775954166549,0.5287320813547421,0.5221673005880122,0.124447765091132,0.3159759950761944,0.0742098632390864,0.0211246548626753,0.3904570542548537,0.2717285164070371,0.1695931236002723,0.3042542532758227,0.426317833799356,0.2267784891389729,0.2723531366859361,0.3171188381535593,0.2021017010505614,1.6878571728274723,0.4807733536533664,0.387963484573759,Cal Poly Pickleball Clun
0.2140350481883634,0.3843636415447575,0.1351736060184168,0.3936846900912827,0.0712535629468906,0.4337426354225595,1.8205572923857565,0.2240082052526292,0.3464894371253574,0.1338491041363393,0.2978112379602143,0.3609434451087944,0.4693830373802432,0.4807389698464811,0.4483095450109863,0.2526325149763168,0.3561959681057379,0.4757231998154722,1.6326676897090828,0.2080028206532493,0.2497964539650562,0.3561500761892694,0.4959045325543546,0.3329039467707986,0.4263432448389189,0.1406277733812836,0.1293024241544916,0.3562912991589209,0.2684010655268742,1.7058642738089693,0.1888904613377052,0.4278554492149037,0.3439993185313188,0.1701961653806357,0.2059404313209143,0.2217981223834128,0.2321678484847345,0.1755895855505214,0.3921511448606321,0.4560379914118881,Military Science Club
0.1839171953332963,0.427865665396311,0.40174179220646,0.5822195443583276,0.310857093903844,0.2461843186644551,1.632536591827983,0.2177599432211241,0.4868812839757453,0.2808465503314342,0.3637038329282064,0.3264993267572899,0.4986553010236824,0.3584517440135718,0.3175667375103777,0.2509972589634358,0.3961450121703911,0.3071724394602301,1.8712792208887326,0.2337069794974844,0.3423816882945725,0.4707737400690143,0.2723085395996374,0.2203274529930545,0.5362063570736106,0.2183712022504351,0.1899054906749682,0.2858895863440767,0.271193192736595,1.7472733376026564,0.2363511611609141,0.1915101154282919,0.4976771123508247,0.2013368856613135,0.3847569430807535,0.3629117364970874,0.6081886967471457,0.2849220543855248,0.4756988447031163,0.4553199342691636,Bio-Cheminformatics Club
0.0918813534635966,0.3306605811812764,0.3229439161059277,0.4395650903663958,0.2946204689511317,0.3166095052796864,1.6929421177733186,0.1843844838968288,0.262580019159711,0.2891315514381774,0.3955528539594019,0.2682011332783812,0.2455753894176771,0.4921287746103458,0.3863765223046955,0.2876725102381634,0.013599251390981,0.3456518255918126,0.452331854113073,0.3249831469505408,0.4140449801991802,0.5789218308362922,0.3814530295066179,1.7646847875205847,0.4582131132580819,0.4197394604148523,0.1818634534066019,1.9825585602494895,0.5032188066668303,0.6180070640126559,0.6176220556318073,0.3269181813003493,0.4054408840608748,0.3251876564488605,0.2210647180673855,0.2957940124234532,0.460175442909114,0.2001446982175469,0.4596956536942153,0.6249770165904583,Cal Poly Accounting Club
0.2175491272470373,0.2257962002791967,0.4995360444237168,0.272084062793862,0.1988377903439822,0.1744459992958651,0.6524768822290578,0.5343808159773019,0.6547425352768853,0.2259610700318662,0.289732265161824,0.5944532061733785,0.4350071411507071,0.4375617886527972,0.3982364512217685,0.4961717870560848,0.4828953050541146,0.6494076829680726,0.6442925833260459,0.4643360403280168,0.3619409457234041,0.2941427705445739,0.5113341074662975,0.443169980159573,0.2729055924258723,1.7352081828857462,1.6855067805669766,0.1964766089922349,1.6684148213086294,0.2129896815937731,0.2636803486059586,0.4076167637878882,0.1394338933301999,0.4886996089560927,0.3756375772282215,0.2872320676317236,0.4101584914083235,0.2974618154470631,0.5285919749971233,0.3973864390062718,CP Lore Club
0.2025745985586798,1.5416662207301204,0.2209799642408537,0.3794137586403961,0.3695938127777873,0.1886864831086302,0.3186837570572043,0.3145390368056283,0.303521918772048,0.2264371419139417,0.2288712037520378,0.2074973095588687,0.3483005757507936,0.5159706071717177,0.3065794484647761,0.3850099967046274,0.2053992357160873,0.3681799834803427,0.3460769275077048,0.4792690405101567,0.413248851892778,0.4599946484075061,1.555523987964765,0.2201567226628478,0.2259300326795057,0.1076934307496217,0.0222068350338803,0.3961010317990211,1.771141996574317,0.3518207824030965,0.4336010184280869,0.4239848797055454,0.3215982266410866,0.0916700907906367,0.2623227571355834,0.2941382233965024,0.4329539537188533,0.3199846239781681,0.3005286579942335,0.2972592021057905,Cal Poly Amateur Radio Club
0.3958120975004269,0.3768874031778741,0.370374001857457,0.4057705027098784,0.7862971393514875,0.4340266501880329,0.5771927802930272,0.5951822201035558,0.576422994307053,0.4487505524907781,0.519786076241414,0.5118797577825386,0.4651030239528967,0.2773422207227838,0.8608418064923179,0.6608559624021927,0.6279206519670681,0.3143717689311825,0.2551743604566946,0.388763416603385,0.7428346550399816,0.5355955168796105,0.3125747873656094,1.86458700604997,0.4017378069845418,0.2889466590411873,0.3214439470541173,0.3247095651522655,0.2827023427267351,0.4601430214928946,0.3115845965237507,0.419489846375645,1.8870766426028571,0.1912193144481057,0.3496133146207902,0.6793783170561974,0.3175778192791793,2.0,0.5585642335008462,0.322070063179933,Field Studies Club
0.0935714158913481,0.1779043551793653,0.3870459537498934,0.5024508250608214,0.3724166885337163,0.4665813624730041,1.7493906747773658,0.4121844009603727,0.4124595950521551,0.5403606756656496,0.4879226516217029,0.4379402035161226,0.3058372164360148,1.7187700770602112,0.6645091062418583,0.3566929402708894,0.3780852196202596,0.2678355079912329,0.4588955418839577,0.4429309312265705,0.6252262216434878,0.6450567243053031,0.5873137553058598,0.2816825811841217,1.9999999999999998,0.3200540471867225,0.2228861146295493,0.39683183527422,0.4985096452171867,0.5891863835377935,0.5515879051505899,0.23951974202138,0.4038681746507161,0.312862613411897,0.4363316068663669,0.5542058086697915,0.3768365251341342,0.1744438785329074,0.5635632982053242,0.3467585831977491,SHPE
0.2623167629673267,0.2976044376278347,0.4521031058810073,1.82133117826444,0.3454484663775271,0.2871077953769544,0.7805314798267041,0.4450281901649079,0.4087281167244773,0.335815345452422,0.2770154476582509,0.3796591388222335,0.360949919278151,1.8571613770029964,0.4111613180882228,0.1166940210179772,0.5113956223606937,0.4026490679448948,0.6770562563564869,0.2468010063139915,0.7611404625857362,0.4535791585232099,0.4708800051847783,1.8711061412472354,0.60579705867486,0.2964424191376649,0.2759814268114962,0.3402224549805559,0.4113209516738523,0.3881073980267975,0.395259204610809,0.3763196168599727,0.4440194541913236,0.2698913250594178,0.3131026872882924,0.4803452524812943,0.7038350407019942,0.1886440508563933,0.4528358812302839,0.3713073840720464,Computer Science and Artificial Intelligence Club
0.0,0.1621542156039621,0.3571693323654982,0.385483552034726,0.306960149394983,0.1899199014315097,0.1455074307095923,0.0365282905142611,0.0930439059970667,0.318009931644308,0.1609814681387341,0.2321331881711151,0.4292348850840029,1.532115674928081,0.4219978029418148,0.0820671314455762,0.0,1.4470821517026098,1.5590734206399377,0.4429175198965279,0.3826589268827796,0.2790895139722147,0.3587183929397955,0.3050834024146627,0.3294079817874996,0.1539598181939384,0.3700923494670439,0.1371430778321363,0.3337624992645666,0.2933377127156416,0.2743784176698829,0.2115164771370027,0.1736358165040009,0.0746795633150609,0.1853023611122997,0.2866994953867235,0.3874839163669132,0.3017978130998994,0.1461782451249912,0.4260473085903416,SAMPE (Society for the Advancement of Material and Process Engineering)
0.2695510256979984,0.4113572586005401,0.3333823390932296,0.2170301930910482,0.4175375402576979,0.2944926706542886,1.909096476093631,0.3536300835760737,0.5452996831528334,0.225188803261831,0.6113845340394969,0.5364490418907232,0.3503713940899347,0.3599060252257316,0.5382298108838977,0.3924313683382537,0.4449984913528365,0.4513376461002603,0.6020523888026603,0.3160803634160949,1.9668517616401537,0.5048953569792018,0.4216041252654692,0.3791834604022801,0.5355647310117868,0.2200404124779306,0.2666058707538861,0.3506065469182319,0.4547717114049524,0.5177275868149711,0.5498452428026458,0.6407745403071545,0.4682604916025699,0.2370484274523992,0.5506485476539702,0.5972889469939829,0.2430343394092375,0.2815448974218308,1.7553168192041206,0.3246654110575227,Students for Life at Cal Poly
0.2796801339480719,0.4858854353009323,0.3031826916590874,1.6649935743749615,0.1051098626237537,0.2743988493493333,1.8444678223917381,0.4437902673245851,0.5203458714621952,0.2245375434867687,0.2851040874804718,0.380436869362994,0.2513466789050165,0.4194021450252841,0.1053378408439909,0.3268311074432707,0.4795696542789405,0.2327781335011902,0.5573806519594503,0.2158209628704933,0.5491467622177797,0.5107517517860942,0.4003147408790411,0.5024865001622063,0.5254403489613495,0.4810183187436758,0.2699126506354629,0.3676840070772803,1.9936454775178705,0.5916163165008834,0.3767337582214318,0.3133841461027792,0.5039706721481163,0.3808109675077079,0.2169557493530585,0.2350171548222344,0.4739246934209404,0.1149297411128713,0.4034186634586961,0.3517987027393412,Communications Studies Club
0.1974282525091528,0.3804400346445093,0.3884505780389067,0.527102853252923,0.4348838441268031,0.2687840856002546,0.6416360920300019,0.3336390796995494,0.3837588753444242,0.1759576102183149,0.4067261330590696,0.3129950285196139,0.4851410872246831,0.5404736835039134,0.3044400007353559,0.2695036030600464,0.3337150304744316,0.269177978786201,1.7512127225980976,0.4302438130061936,0.6118063976178901,0.496304640198186,0.5882479618940395,0.6491262446564433,0.307720845621083,0.3072569313243924,0.2304779820359709,0.4388856845794874,0.3618755125927759,1.665567221588285,0.391357559230898,0.5940344636736445,0.2686043431445115,0.4094382051232192,0.4793025587734038,0.3514935243368635,0.4500451277632246,0.2260814736336424,0.6008229496315962,1.658191656402628,American Chemical Society
0.2231931839015489,0.4360132708089806,0.4623172694521605,0.491311492152698,0.3984714019249593,0.217681730537747,0.6140223013315722,0.5365875944870002,0.5301242255403193,0.243220985075347,0.3930973191095819,0.5406225166951659,0.0444135267232067,0.6531067791769951,0.2125418357049468,0.347276502923186,1.746192836701009,0.3402653188319424,0.6041785382058056,0.4061073981152033,1.7689478692300322,0.3447706873384186,0.3267708335227455,0.697110533543233,1.7559191248102912,0.3987894551789626,0.5174249803065846,0.2266137419223058,0.5636558575814348,0.4373057583374379,0.3669088440478901,0.5482415914619809,0.4551861059663549,0.470653203647143,0.5279101769793749,0.4263937389773236,0.4240378050026453,0.326145372576446,0.4401996768011357,0.4101590959648039,"Out in Science, Technology, Engineering, and Mathematics (oSTEM)"
0.2295071341984887,0.0791836885844424,0.2929695791162637,0.3160822822458808,0.2474883404786603,0.3473778906605189,1.544994348085872,0.4740248437391756,0.38888810775182,0.244747620598268,0.3396976489413717,0.3392808978825407,0.2576447853261528,0.5184903620150388,0.5153245636978618,0.3506018101442859,0.2741746514128532,0.4449766200206441,0.509427447887084,0.317161762433726,1.572938199832984,0.2303102457397821,0.4285593636666102,0.4479658156209742,0.5356717629235803,0.4331299143106778,0.3187628295388616,0.4006722286440333,0.4664419391519371,0.4909714664187535,0.4587409356397375,0.4909691726560883,0.3737660351833105,0.2149694643836039,0.3113708665118125,0.3931156624512156,0.2995972564480891,0.2287728194057911,1.5479690432780142,0.4542653926428479,Puente @ Cal Poly
0.0308917357478199,0.1332107451031735,0.3444828498693965,0.3217810202874323,0.3945837470239578,0.4589122490779117,0.2631321254388976,0.4154252930009938,0.233420363848149,0.4626440516529344,0.555280340834608,0.3612295526156406,0.3665296701513619,1.7191065500211569,0.6084715415445837,0.2763878961103854,0.2370679639701702,0.4221361052669225,0.4013590719271978,0.3415155956175236,0.4648109970547989,0.4081307446972622,0.3690517252858697,1.6509064690313808,0.3957472144846009,0.2778504864796771,0.5181525227666736,0.2355300293464159,0.4558083795922401,0.5043330176925568,0.174229368704894,0.5593361881109952,0.2239573222935053,1.7513912773489508,0.6082750645358815,0.5421669442181536,0.4333265786135164,0.2542253325678695,0.4347895999731749,0.3304713351373515,Phi Sigma Kappa
0.2250224504826471,0.30654057922988,0.2129783804650322,0.2260811769091583,0.0163189916593616,0.1772129879096811,1.5349252693425164,0.0364499178962783,0.2079645664181285,0.0,0.4185959087610917,0.346299798682221,0.0,0.1922757450723636,0.2051776999294143,0.1984280731304979,0.185461211788135,0.0,0.1871731170766289,0.0603827680178317,0.488244661278513,0.1421612129232889,0.1256398213792429,0.1932896006306692,0.26674178689805,0.3031860313464974,0.1126764876714231,0.3232284373748845,0.3302869606207715,1.4883564445953519,0.2715998844006958,0.0791205471372373,1.608884515142984,0.1697472664982367,0.3145428793876866,0.2341976124048021,0.1520304259519801,0.1840189363013796,0.2689173865024447,0.484580974556524,Cal Poly Nursing & PA Club
0.3860376559574102,0.3305844819728591,0.7653527003120488,0.4584841945388812,0.7546296326280859,0.296881155318506,0.4739043350104476,0.7651932063649938,0.5550323015481983,0.5560641422399624,0.768783071448568,0.7772543500742969,0.2783026130506548,0.6000812626806106,0.7399745199064375,1.9780706530995016,0.6875913149651671,0.5675595078494758,0.5870116746593288,0.5854811372682605,0.8514331311426467,0.3769743421157645,0.5183263799979868,0.7983432020596563,0.5586009611725766,0.7418676852923752,0.4713123033512889,0.5334049899129701,0.7035970289799728,0.7430089428268026,0.5552644093623549,0.577330069642926,1.9152561427415296,0.6387654999873014,0.5660221640702056,0.8061078280449914,0.4475464289030628,0.6420277511722341,2.0,0.7891403875816494,Cal Poly Van Life
0.3321722167980721,0.3848278532820393,0.5752425759425669,1.8851225528166942,0.6051320653230662,0.2571912979459426,0.5047298126902678,1.7760716983653326,0.691460964312986,0.4987258648858059,0.6425942296350613,0.6196539834465539,0.3045008425142263,0.5536746850875018,0.5489459060373945,0.5052465699356836,0.565129857486572,0.5154514653777107,0.3861163193520623,0.5428168962346789,0.7511235791492351,0.3979703344698488,0.5627752770784626,1.8688698659545158,0.3424889154404925,0.4820260470073101,0.499908374622813,0.1048256077486785,0.6873891244168823,0.3727327025281569,0.1934899754429155,0.5018178817374694,0.6048639561544219,0.3762724769299606,0.5532790394467553,0.6847078138314803,0.6490620588084666,0.4433573181132795,0.6758441687398237,0.4831375770571444,Simple Club
0.0878194785088451,0.3765851731033749,0.2880304666724422,0.1557953322072598,0.2229868157968601,0.2365890151644224,1.8733021413716153,0.4053754851163796,0.3246478979563838,0.1901825365856546,0.2726613259476163,0.7092699332928735,0.0982621464260478,0.450607736734739,0.6786821637556326,0.1332863060076893,0.4604323839481388,2.0,1.7472756097719218,0.3978394236768299,0.5765402367924499,0.0,0.5647081982472264,0.0980510399455415,0.5926595558577101,0.5822526382713481,0.4277560944250961,0.4942829173252427,0.6432832289147686,0.2416680649971955,0.5656571612811173,0.2038733138843097,0.1298468725465836,0.3614295468164711,0.2054917242015622,0.2830575143924879,0.3099392125439124,0.0955430236028752,0.4258760920249519,0.3650658729860505,Philosophy Club
0.2332700838879767,0.2485338427099617,0.3276400608293343,0.2271761127090818,0.3171526580842826,0.2822190605651576,0.6043769146182371,0.3083864582225585,0.6206466326079195,0.1725897722325498,0.3138730673028621,0.4387931751596656,0.2074776637539785,0.352930893069896,0.2954946224647742,0.4422326883900949,2.0,0.3219319965268693,0.6345837402359039,0.284645311125448,1.7078071526839096,0.3499730081735024,0.3372139501503293,0.1734870834708571,0.5001926913657644,0.4341139466197295,0.320049343332462,0.2719856228360772,1.6664335748486525,0.5301496078144871,0.3739517936635905,0.3607924596006838,0.538810891262473,0.4163887492407676,0.2078020565899286,0.2171581313087578,0.1889047537405115,0.3421633503081123,0.3384321253480524,0.342498987061616,Cal Poly Political Science Club
0.1972213508231017,0.6313986778435545,0.4139876235680458,0.5928593953446366,0.3307842838429564,0.3983481328465106,0.5643750339862721,0.2967416237776058,0.6160593924552876,0.2428629478618461,0.2263778871815731,0.3672555070146148,0.3386253969289342,0.5690133879527021,1.718996321527531,0.1984955539242754,0.2858463972626869,0.3675141471943111,0.4368997564229713,0.6308816949179956,0.271710695700261,0.6525824926216138,0.3783170390437641,0.2400846832462838,0.4034378503061746,0.2978574577425688,0.292932872889394,0.3041947628087505,2.0,0.1975880666924402,0.3833751389925199,0.5735404618283947,0.4912617858386738,0.2143759859109264,0.2324316712176006,0.3506642938617167,0.5830230241110921,0.3227662759965969,1.6593542121639393,0.5883761226809622,Poly Pack
0.1910963834041679,0.0841890828298846,0.0323607085421712,0.019674354742051,0.1517800093931578,0.2048522412819677,0.3611826099695581,0.3382176930976558,1.4144999598887076,0.0921008837302911,0.1238087769201468,1.798402929123875,0.2109129803564258,0.0420939929347247,0.2596585738772764,0.0530251836724321,0.349423614796285,0.2609263706121411,0.0,0.1286302955203154,1.5177133672563687,0.3095041256552809,0.2989790847921431,0.3137793166318033,0.1092776171450987,0.1916517919628645,0.1452439851505343,0.0441130869725502,0.1068673785391507,0.1486832736589107,0.1864877217211933,0.1561439848960348,0.3673780630258607,0.1085779398051493,0.4016443574964849,0.1801126428695395,0.0,0.2216526025954973,0.3508356143153446,0.0832387214202768,Christian Students on Campus
0.3145102807676228,0.2006542430824079,0.3893941011850488,0.2948943256612667,0.2399780757589825,0.2271310286491435,0.4541821904618875,0.2669661205419629,0.3144914188313324,0.1062192291350918,0.3595242716306972,0.5437538857848281,0.2337216342474908,0.1947907504315323,0.4529658816822303,0.3469334645716153,0.4030231910358968,0.5711964386324204,0.3647799083853266,0.3028480230474443,1.595138023773071,0.4576174623646968,0.3059389921617151,0.2992218644836286,0.4003009049822365,0.467189634175601,0.5193957833395124,0.3479097686224559,0.412415205905403,0.4554223315479876,0.4857278317780207,0.2055439060452963,1.573113384845943,0.1569673881983462,0.1612633663045967,0.4345755419480334,0.2381489449789589,0.3037438756263355,0.3807454590489998,1.63913185817594,Newman Catholic Club
0.166684513623204,0.0772157788130217,0.2430911078563193,0.184670126476343,0.2908117757169352,0.1780171008057626,1.641928419401058,0.4386116963473289,0.5269500715005583,0.1567885199632523,0.3762239029524984,1.8332765375604922,0.0646903117131147,0.2572695643377082,0.4109091242799732,0.2603534644307558,0.5580383739846473,0.4726666532162487,0.4615772593089354,0.2955416851863072,1.5884542150303593,0.3898196929363877,0.4393999778446331,0.3258577574114553,0.3815888658315124,0.4299335250956542,0.2760465869476585,0.32466845764391,0.534197233106979,0.2187855255008261,0.3633813982574214,0.1305841882086547,0.2107343467402481,0.3082536203363737,0.5062760448693051,0.2693772855629937,0.2034075577455585,0.2660968816020932,0.4007012571355727,0.4005773335931916,Cal Poly Theisms
0.2077089272040088,0.5031780119380551,0.3264240510814069,0.6066801039145948,0.2515548739838059,0.360356646248294,1.6842937455800373,0.3262230778108949,0.439699149213965,0.4622141405122976,0.375579176171174,0.2225175127440739,0.5644532269439173,0.5780383830216416,0.506360257132155,0.2677779992265903,0.3956409283937894,0.3065337306646351,1.7250211744393473,0.4986667977341705,0.2930566019515238,0.5332466907320317,0.5514022416908502,0.5095115498202092,0.4727527171574585,0.3100286355729114,0.2711029766833915,0.5242410095415734,0.6609092544877181,1.7593479319861887,0.4300882164049451,0.4439743063557742,0.3730881185845801,0.3759422099100484,0.4310669092216173,0.2644004639841597,0.4199269048734061,0.2262471681960682,0.3449652745828496,0.5328796585500583,Quantitative Analysis Concentration Club
0.2732744589741925,0.4249800674571223,0.2604464984274014,0.3612642293802744,0.1384197750825745,0.299052452220891,1.9212874444844297,0.2667950049675683,0.4571337867943542,0.2472670515735399,0.312179426887099,0.3901015695848558,0.3706368217723062,0.3550736869542872,0.3586975638739776,0.3660101004547004,0.3926083648031521,0.4720686305819556,0.5357752707388905,0.3602473550342531,0.2580180946453781,0.3633781802683077,0.4173625738968472,0.3835440795381481,0.4435831004696625,0.3425840596625443,0.3714188821927149,1.5411517043535425,0.4689054836564354,0.4638819643123051,0.4538094713752647,0.4414605431804123,0.2828526422406111,0.2632869421419049,0.4119658029876839,0.269254264980561,0.1550806339531455,0.2324949285455391,0.4901829472715341,1.6433946047255406,Theta Chi
0.3883743666277605,0.2434342436851609,0.1981557429478486,0.0821755653451486,0.3923213136167742,0.3408644019874768,0.5550415078679705,0.2015757829436686,1.6723694254853005,0.3117690199006093,2.0,0.5191880094977469,0.2605021186484277,0.1313262289455314,0.5583525747569397,0.6304981720999949,0.5312982333096024,0.0694524139975333,0.3150052321795507,0.30424259872816,0.6405154512874458,0.4787165746612773,0.2559570419331251,0.3818313278594474,0.2261470083591187,0.1717240540481082,0.1737076338620846,0.2567634645881841,0.5026498310795273,0.3466899976370062,0.1766228478947429,0.3950359643160408,0.4922466090019828,0.147294965734677,1.833952367425497,0.5905995346611939,0.1332781272478452,0.4994530425061461,0.5752198317170382,0.3472960166349961,Public Health Club
0.0832397591985809,0.0973867965181362,0.3154414957131982,0.428412042329039,0.1626031843480408,0.2812141986354119,1.4717097922074085,0.3003414016546205,0.1597910415593537,0.0625297649021779,0.3141667066141191,0.3791065038333018,0.2189171305364185,0.3728035293543149,0.0104396965784719,0.2098384229560566,0.1096047332374608,0.2298688801426891,0.3939672676459397,0.4139937023120598,0.3548559867265943,0.058428507592189,0.4437474226877388,0.3498075134846368,0.4638039333690445,0.4199111115980479,0.317025348092106,0.3645521718230826,0.3584986900393708,0.4351210362873548,0.3652333214818785,0.166971110337562,0.0780789720552194,0.1957902955386352,1.4967276489079224,0.3679753675573891,0.3377007580755675,0.1454748911982301,0.2321637371589838,1.5182556763612087,Chi Omega Chapter of Phi Sigma Iota Foreign Language Honor Society
0.240375987252891,0.3146434049530408,0.3371284142654699,0.0746008378089533,0.1242501798548944,0.253379076476886,0.4370362321268322,0.5561960589824789,0.4343905222530555,0.1568478319678291,0.2121181129574768,0.377101868015821,0.1246752215384314,0.2877597898276512,1.8175647363995309,0.2690579596343433,0.5399421350027762,0.2985449739691787,0.1867798314156145,0.3705894432457658,1.6541295282195048,0.0939062205437924,0.4450008342604901,0.1792357964185521,0.3554199309138128,0.4133337503510541,0.4371016362836531,0.3022506740687327,1.6478834663815873,0.3241444742782335,0.4323832621901561,0.3979445540259345,0.3969190730545348,0.243913117464462,0.3408202607555601,0.508527877769111,0.2781178582462525,0.1636431901517244,0.4152521905844665,0.5362150317761119,SLOBreakers
0.1603073646559731,0.3692420591066951,0.2469773601783429,0.2748037152086938,0.0722082617717679,0.3292991536698926,1.9146249749136464,0.2104765307909855,0.2549309622208429,0.2921108474296019,0.1660665858161389,0.4365453285308066,0.3377674174327639,0.6467671027183342,0.2916945339050005,0.0839112714878283,0.3699165339250505,0.3273729713904332,0.4237549793607892,0.2372420992482267,1.7894410793740758,0.4333947101791419,0.6258597105368208,0.6165917648364703,0.4732382903526421,0.3823161792650761,0.2116680921142722,0.6411122905089622,0.3504693568545726,0.6354497692159157,1.872594739264413,0.4838329549798524,0.2655920112271036,0.3921490713238806,0.2143111328806667,0.2665016794486279,0.2487813983676255,0.0527273563148753,0.4134816802195485,0.3750195196484978,Cal Poly Undergraduate Law Association
0.165575601519508,0.4228984684886572,0.2957475971382118,0.5939349466425989,0.5038489117942958,0.3274689157065433,0.6181432151565517,0.2361485328548707,0.3316492985648747,0.4772841940816907,0.4723402124837459,0.3571518256269358,0.4791741745458994,0.7169489478591798,0.7371391043699074,0.1791567380235697,0.4820244144673405,0.4377865664667358,0.6629267491002176,0.3232878479846372,0.5316790025156116,0.6865639153327369,0.4854740253177037,1.8622135188400968,1.7437268161132953,0.3145460381340305,0.2275357711756491,2.0,0.6537032385687884,0.5697894241531148,0.6423967162189328,0.3845892192510713,0.3033880609097159,0.5220350027347644,0.4096041115385431,0.4823962432608324,0.5213614224888843,0.2059624485178095,0.44482819011347,0.5056908789407131,Cal Poly Quantitative Finance Club
0.2286482883346979,0.6039675067542152,0.669128714448545,0.5673353361509961,0.1957218473882909,0.2452340440331379,0.6192940351768574,0.3343622625257021,0.5667228628948866,0.3928875995939136,0.4181412816489643,0.4676809159350246,0.5079254830916895,0.5424115452736197,0.4498581475634932,1.6798100257497055,0.2895400949912686,0.3373119033804242,0.5396454894086748,0.6008602115515729,0.337404107585292,0.4233302343682095,0.502705440903751,0.4444811646868328,0.5357014468927781,0.4469073058063331,0.4191794076741749,0.5870597193912185,1.7379254349971234,0.4645361612381463,0.5051783752029577,0.6566352365720675,0.4401343058979391,0.4672369124013567,0.4837642693204057,0.5480276866191546,0.634206797016335,0.5058783918288763,0.60854291017642,1.7330752230067175,PolyCon Tabletop Gaming
