Club Name,Community Service,Professional Networking,Creative Arts,Technology Integration,Environmental Sustainability,Leadership Development,Academic Support,Cultural Diversity,Social Events,Innovation and Entrepreneurship,Health and Wellness,Religious and Spiritual,Competitive Teams,Engineering Focus,Agricultural Practices,Sports and Recreation,Political Activism,Historical Preservation,Science and Research,Music and Performance,Advocacy and Human Rights,Corporate Partnerships,International Focus,Equity and Inclusion,STEM Education,Literary and Writing,Artistic Expression,Financial Education,Media and Communications,Career Readiness,Legal Education,Safety and Security,Volunteer Opportunities,Women’s Interests,Mental Health,Animal Welfare,Technology and Coding,Outdoor Activities,Family and Parenting,Culinary Arts,Club Name
Cal Poly Settlers of Catan,0.215160316,0.2573145029267340,0.4047504358732960,0.3428173466128350,0.2543387824407600,0.2635329617062150,0.2444494168013960,0.5520800181918440,0.3688984242814210,0.3974474301477350,0.2917130632740120,0.3319349658296060,0.5156962199450720,0.3184429021625850,2,1.7317228554244200,0.2653515490222230,0.7241138485057230,0.3144906443616340,0.602336821,0.5968592536858630,0.3461717884696380,0.6524119751957400,0.6380811647827240,0.4206636837952780,0.4794680036907360,0.3326133474294060,0.3655774044586370,0.442472614,0.4643830635520490,0.5600980413731550,0.5330500802140370,0.4772535012868580,0.3311486442316220,0.2872918892943070,1.8266689321337900,0.4809372680723240,0.5210754270228980,0.4573802044182380,0.5318184434672570,Cal Poly Settlers of Catan
Cal Poly Cycling,0.3360410851903760,0.379939382,0.441607897,0.1305736678493810,0.5108739094737140,0.2055877403561290,0.2783307257193800,0.5765981161020950,0.6521246313061580,0.4698049240404690,0.6038926182699510,0.5836566609476800,0.4797917875800290,0.3659007771698980,0.2970314755951490,1.8201023324161400,0.5359503895167180,0.3022300197660250,0.4377500203229610,0.6197065199383650,0.5489401649077300,0.5777780326898340,0.3817567506673110,0.5350097345328060,0.1726264161090890,0.4206033874663020,1.7042987740912500,0.1929607493710150,0.479574064,0.4410799776891330,0.2869061876360750,0.604812272,0.5371122655084040,0.5689500265513400,0.653638621,0.5731886095085770,0.3165501553284670,0.5591534864757270,1.6840508065094200,0.2917737733143190,Cal Poly Cycling
Esports Council,0.3594755751959900,0.4543690039454060,0.3655299324040090,0.5233380842266580,0.3653246094615710,0.2874216276724610,1.8929823118549100,0.4522409659822500,0.6280272324822210,0.3709332281095620,0.4642156467878620,0.4721535914537110,0.4639824778492750,0.3940334706915830,0.5843133417254760,0.6492874874158250,0.6560326321989780,0.4455079250634180,0.5170067140018780,0.5376664296779030,1.8228263474278200,0.5866587313106270,0.4821255809103920,0.5855207189804210,0.514313553,0.4477046241074010,0.3685606765906620,0.4210828400705220,1.7956661696222300,0.2898974500118400,0.4749617988825270,0.4517795510235500,0.465927935,0.4244055758156260,0.4311847461901290,0.5479241355760440,0.3708638036056680,0.3892452790955040,0.552391543,0.4445748563180680,Esports Council
The Women’s Network,0.1798619958626370,2,0.5094454398086770,0.2548110966386270,0.2418987098486070,0.5024111786523150,1.6795240603235500,0.2256661243200500,0.1279158097389010,0.3238301310851030,0.2274453454362260,0.5316382447536130,0.3334139751536720,0.4409776971143010,0.5737312043420310,0.1995950493381230,0.2846458008175210,0.3496674248832380,0.3616698574319230,0.3488737365831660,0.6442382748070190,0.2964760407927470,0.4875116330167310,0.1363661602002850,0.4065662014142690,0.5456715749219480,0.4512450082342090,0.5597151724967180,0.5793979399965660,1.8056236788240500,0.6580365839403240,0.479601508,0.4228398803054440,0.2961133391643380,0.2849568903007840,0.2084144490177830,0.3633455004709190,0.2544301617386010,0.5111800791368400,0.6508627106636810,The Women’s Network
Pilipino Cultural Exchange,0.1600521174433400,0.2188098464627890,0.4014665128722560,0.4957028117362250,0.3700771483154230,0.2042184345031190,0.3923436565086290,0.4709038395276130,0.3778783407604550,0.25063503,0.3242341779047120,0.4135271411016770,0.1523431972861440,0.2646699468845030,0.4987360547176570,0.2114822788161910,0.3747377974416270,0.3113451813112960,0.3425332321722440,0.3407619636110460,0.3649793835065550,0.4655709223624510,1.6253306243046800,0.292523979,0.2503532109630080,0.3194013609011250,0.5739640121532870,0.3338158812402740,0.5603159864047390,0.2813456629536370,0.3577129364188830,0.3367278205104510,0.027161779,0.1894483261732790,0.3721599423007780,0.3681293675027740,0.4149063232932520,0.3542028330204700,1.646362342004720,1.6825663715262800,Pilipino Cultural Exchange
Chabad Student Group,0.2546374577449670,0.066314321,0.2470005128309740,0.2178316285202080,0.2683573525584880,0.2402089079809550,1.6201938309027600,0.4601261181079160,0.3782907106032990,0.119934965,0.3885085020037690,0.4737659392331240,0.1289625154909930,0.3414045270924920,0.3860895588215820,0.2826584038938860,0.4548239739615740,0.3300489922680260,0.3266405215100070,0.2484342226119780,1.5156031600430200,0.4497152183502440,0.4343456448287290,1.611780804681530,0.3705398140053380,0.1926532892018560,0.3634971173398060,0.450538421,0.2496851633760500,0.3635760399821510,0.4455149929955110,0.4497504518391460,0.3612869387321710,0.318110757,0.3736330357122970,0.3169179767833970,0.2736587522878280,0.2456227355872760,0.3886846407833830,0.4833545490814470,Chabad Student Group
Colleges Against Cancer,0.2613675106622610,0.083104144,0.2850613717001790,0.352930761,0.3555134039173120,0.1903513063697860,0.5154683144034560,0.2480778902800850,0.4623715153089650,0.318099768,1.7418120749610500,0.6153554655221510,0.037633308,0.3650744391628690,0.6977676761994700,0.3914366197229510,0.5906311295182820,0.373376324,0.5892312348213990,0.3886637895802110,1.8057311058214200,0.4162847496684330,0.5820193991985720,0.5631429285337150,0.3379985224733660,0.2720186447549840,0.3144087654171990,0.3427678271075380,0.6815545080040350,0.4425564997400870,0.2631049187968650,0.709915933,0.4981941893275560,0.4095805505917940,0.6757187402070710,1.856288865332160,0.3056551257240490,0.25614715,0.6932964369892380,0.3140038190633200,Colleges Against Cancer
Environmental Sciences Club,0.157880523,0.395505314,0.5200861707347300,0.5456378998585300,2,0.3403958088937660,0.3838888645293100,0.5513337326570100,0.2517783251108350,0.4915126436807530,0.4551480892315470,0.5174035667526130,0.2709830816807580,1.9045183931928500,0.6696174008271750,0.5305911435329750,0.3018787623141430,0.5607414043608500,0.6894670809797930,0.3767523915321380,0.5179930022876470,0.5476747683201760,0.7008204433609540,0.7898903726144240,0.5122246500881980,0.4439342220657440,0.3936370224131910,0.6225103196303570,0.6964190698414200,2,0.5344900369494400,0.6425351542875680,0.6289692509001670,0.625820041,0.4567297451004140,0.6151286504463670,0.4864345032952370,0.5115433830950410,0.572690064,0.5489114351785620,Environmental Sciences Club
Cal Poly Rowing,0.083403719,0.1467765944573380,0.038268569,0.1988026675204960,0.1472759598848520,0.1179803639894570,1.460524673020030,0.001043624,0.1909780571485630,0.1227824347142920,0.2731538732764320,0.124850246,0.1676622330190870,0.3904083682208700,0.093358213,0.3565900057006940,0.2098441502092660,1.4409308587757700,0.2407041299241210,0.2488496790887940,0.2843369524545760,0.1555194688841380,0.2788015660069500,0.2861316819565280,0.3718100334529850,0.2231713307818550,0.067417151,0.2247523322677390,0.2744791789762270,1.4118126117175700,0.2067842534165000,0,0.1831445254881750,0.1130512897772100,0.1705974629271120,0.2335579483511430,0.2140424001033880,0.2794344239024830,0.131092057,0.1728245012465690,Cal Poly Rowing
Information Systems Association (ISA),0.1531326371267110,1.580191789703020,0.2603092641569410,0.4736121857735050,0.1620033531422090,0.297791316,0.5356512790184520,0.2852586054997670,0.5118201868103670,0.2495738971525610,0.30976918,0.2465220401838760,0.3000144176225250,0.3129046424633080,0.3548124295988120,0.3549756067886240,0.1410069340412900,0.2413556216908370,0.2663114841833030,0.5247376127622510,0.1968730704167540,0.4992802888279510,0.2733856261503140,0.1915393859142320,0.2887643236459560,0.3130198163763750,0.1606172277187480,0.2858939875121240,1.8675105502821600,0.2869391082700430,0.2466586847327530,0.1405091859819780,0.3630112589893210,0.2789658805970620,0.132121461,0.1870913983416460,0.266519589,0.2619105624165200,0.1935890677930870,1.543359153258290,Information Systems Association (ISA)
Disability Alliance,0.2986752660850550,0.2123016569995280,0.279895658,0.4367796630434210,0.2642827864551280,0.2811611524677490,1.756943471679230,0.3601254441439040,0.5845739718811290,0.2108551691811670,0.5398487792863520,0.3957718550760400,0.2165761064948460,0.2640578232539630,0.2077849469526450,0.4930639801864130,0.4177041444454420,0.1932202926172270,0.3646442744567420,0.2397306562795670,1.8224321837632500,0.5067002999608350,0.2870132968647730,1.7005927871916600,0.3300446605211240,0.3587101681686670,0.2996569375161580,0.2181693375566010,0.4204774908833250,0.3744229781885900,0.2822967241446690,0.6701220221663460,0.5103729854235650,0.2245207814929000,0.4767155477340430,0.5047094937799260,0.3207802731631500,0.3412762611548250,0.434249785,0.2469446261225220,Disability Alliance
CP Drag Club,0.2166277724874310,0.2307298452494040,0.3347857922363900,0.2208272809366950,0.2016278458846850,0.213356424,0.3924214539102350,0.3709342715949250,0.5074002318347460,0.1291823851379380,0.3080798609042690,0.2978623149249540,0.1794819396516490,0.3233361530197560,0.3920150245197100,0.3999955106161370,0.5520544761852650,0.4723058667272770,0.3471562737608320,0.5871962032082520,1.6916570294772200,0.3387551789953470,0.3004418376637310,0.5476589036616350,0.2826388245736220,0.277052951,1.6287618754641300,0.1661325762540870,0.607449109,0.3117167449690700,0.3011917365329050,1.9928547221991600,0.2739990600924220,0.4050253679333140,0.4856299650482180,0.4707484885952640,0.2880838503200600,0.3646949584213330,0.3597686458915720,0.4344786280396500,CP Drag Club
Xi Xi Chapter of Zeta Phi Beta Sorority Incorporated,0.2312400929344650,0.2360694949264680,0.3935572243984610,0.3136866837075310,0.260648112,0.2830213419725030,0.6955079782176600,0.4664943327727120,0.4129812097002230,0.2288162329608990,0.4342620826069000,0.4814032250438140,0.062306205,0.5903200795091640,0.5715257588402270,0.2903223505293620,0.4313351099160260,0.5456330261293040,0.4817681078474670,0.3729338837456170,0.6261421506722110,0.2301590821472790,0.5143256457629990,1.7178515008880100,0.5700974210906810,0.5637806302615530,0.6503297080384560,0.494923482,0.5159452030583860,0.4865799282855610,0.5075819253600970,0.3690494199574570,0.421959163,1.705217854274030,0.3619913734879250,0.5119886350955130,0.2557135760624640,0.1050884496342870,1.770109368592340,0.7019221731172700,Xi Xi Chapter of Zeta Phi Beta Sorority Incorporated
Cal Poly SLOverwatch Club,0.2049402797570070,0.4283146441600360,0.1955443579602080,0.3475416315120120,0.087626238,0.1577745938847520,0.4931558183262930,0.3210428867278410,1.9046501183749500,0.1628441673712380,0.2143655990508730,0.285940382,1.9179451445631700,0.083566432,0.3223178113755550,1.8812587128541100,0.2679453430466350,0.3654788039612270,0.2316827975527930,0.5687622195316460,0.3749190286956060,0.1777100549382670,0.6389551506118300,0.404463274,0.062212447,0.4010103729709650,0.1494400327077150,0.0467507,0.732856112,0.2701067815293560,0.1142009004241790,0.273029877,0.4318702034541550,0.3365487398025610,0.2560635920087230,0.2865298749664130,0.3749941141093560,0.5184034631504160,0.3290690880735870,0.2103629226348480,Cal Poly SLOverwatch Club
Kesem at Cal Poly,0.1909782633572940,0.084469727,0.2034765138075170,0.101280121,0.3622281348259810,0.1664844172513160,0.2885647558293420,0.1257029234031480,0.3548230319095970,0.188680743,0.4762366601692980,0.4461653085739790,0.088358574,0.082646111,1.503496078244500,0.161360293,0.4713915986126230,0.1673604757457500,0.2192349099509460,0.2179503983800590,0.4081418263958730,0.2901601163088230,0.3129890074458370,0.053695283,0.171545001,0.1395961956450680,0.1496524068841310,0.1541356957466090,0.243232661,0.2032127434440060,0.1635063282351540,0.2983550586583480,0.4251563028325580,0.007141474,1.5613740002492500,0.4755848566932130,0.1204602171277060,0.3780477609370610,1.623257232539310,0.2935484723590050,Kesem at Cal Poly
Sustainable Fashion Club,0.2223363920328630,0.2899467824250090,0.4922047014136600,0.2854104326154680,1.8352889369458300,0.2186923102859860,0.2668174931017480,0.3835280668100520,0.3672726428296530,0.2801020850626260,1.5256399716062300,0.38301668,0.1331306239718790,0.2824190219865170,0.4598342923480090,0.2519143783062100,0.4721660336144530,0.4884043729879940,0.3143253675833420,0.4890972242397040,0.3774018611610140,0.361008486,0.350522162,0.3062710177598610,0.1902758398386460,0.1601432161350560,1.7460631439587500,0.2444807177370960,0.3882047116417880,0.3812973435498110,0.1870584098676190,0.3746472074065520,0.1613992907686410,0.3696614873954090,0.3701466971310180,0.4309220324453890,0.3259606984982060,0.3685852864768850,0.3513266203083200,0.4548216269346600,Sustainable Fashion Club
Marine Sciences Club,0.2661714986470410,0.3194618505607210,0.2319601172585950,0.3135300800165550,0.4173065570708570,0.2679841493919010,1.679124598,0.3856804421670510,0.3937219950704790,0.2906106937974810,0.3199906037359340,0.4125948329913940,0.4772211229893670,0.5111012482063090,0.2232517211333050,0.4944275666950490,0.3496589664235480,0.3116650583674390,1.7413240637970200,0.3736931345098740,0.4120145401215140,0.4953606990492490,0.4436094499063480,0.357081358,0.3600086484951020,0.2071483502488010,0.1152580537807680,0.2547136729652470,0.4106000317071470,1.675672900880010,0.1029311287715760,0.2690793730190980,0.4897412289664230,0.352373758,0.3298685694342070,0.3923641980246850,0.2333154563332200,0.4059398405800960,0.4884658397714510,0.3652926350048930,Marine Sciences Club
Dragon Boating Outreach Club,0.1977633602777450,0.2410477882674460,0.2841640337417760,0.182221823,0.2943486789390080,0.1404690019959070,0.1300077429289800,0.1616713620572910,0.2638633852044000,0.2541853462540530,0.278339304,0.3242879348462870,0.3946066181003150,0.3341707557274100,0.2151811603256690,1.6042994788072500,0.1495465086848200,0.2643043571681910,0.2098296894929380,0.1292500076590120,0.3099805649581320,0.4355158927472140,0.4015832074928560,0.1523249130252480,0.1412138363030310,0.1624324042840120,0.2611057256535880,0.1044942551836040,0.2764099630283770,0.2495951,0.2215364508157800,0.3604935018264550,0.3384027968234220,0.2110712411702220,0.1348558240445710,1.510334284796520,0.2030566846865980,1.5808742209410500,0.2854449989445590,0.1781452193081150,Dragon Boating Outreach Club
Multiracial Students Association,0.2441637688235020,0.1259618851303790,0.3806064833509260,0.2731883683355390,0.316933141,0.2354391752665510,1.584165395710170,1.7799202272865900,0.4567131161692300,0.3161619645765570,0.391927803,0.4613428469734150,0.3060829146745520,0.1950021115057550,1.7493750626543600,0.2750884954348940,0.4690224772042840,0.1801208202403190,0.3713443118031550,0.3931030503572780,0.4134521702206240,0.2805300972756350,0.4821050628586480,0.3848588817874930,0.3570188225765980,0.2848270487054350,0.3692602747964600,0.3029573160295520,0.4381706537449210,0.1649683418789600,0.3746752011731440,0.2963040202768750,0.2761264587170250,0.1859636069712990,0.3886423742029520,0.3470173800859260,0.2414457495711770,0.2118519931395780,0.403982198,0.4755011780640880,Multiracial Students Association
Cal Poly Counter Strike Club,0.2863486589821380,0.4759886643039360,0.426744615,0.3164468874141190,0.1418702205681340,0.199158098,0.2922076648240420,0.3274350141542160,0.5533951268658500,0.1729875130646240,0.267763247,0.2849885682174900,1.684473573751350,0.2892324730335420,0.4175144771097060,1.6275486551391600,0.5355529925067490,0.4349471006832390,0.2989468304171080,0.5607450074896200,0.5143087121667740,0.3429354734174020,0.4289967856613880,1.6255335533943600,0.2681973473952800,0.3665911681365210,0.3614295875130920,0.1862108545831640,0.5387780497102180,0.093352916,0.366278892,0.5343868173185420,0.3428163754786200,0.1782341841956590,0.160393151,0.2628700685065260,0.3489781720566270,0.5630287254585430,0.2030190905468930,0.4670796486093180,Cal Poly Counter Strike Club
Cal Poly Sociology Club,0.276760732,0.394780238,0.2207881966147790,0.3033622467452530,0.3458430141119910,0.3065316491681370,1.9517819383938300,0.4618065566459300,0.5924136863957420,0.2638509801611430,0.3489313186521640,0.4098787098924960,0.3372076744406050,0.4363518079030500,0.571928781,0.3050461786673460,0.5149792229287460,0.4484730318239460,0.5322582050028490,0.3548326779067740,0.4640435437692310,0.3684441289926330,0.503926519,0.5781985366543000,0.5419104851355690,0.3105812281235270,0.3617895422824810,0.5132961728668330,1.653646687242670,1.6793169379181500,0.4321400189480080,0.433352574,0.5426769512622250,0.4570867868433180,0.3694566324386260,0.6177299826953730,0.359458851,0.2261584307569730,0.6526954623946850,0.3621991322321610,Cal Poly Sociology Club
Association for Materials Protection and Performance - Cal Poly Chapter,0.2492814968964510,0.5631169395327770,0.3757597713119630,0.4308558814580840,0.3063958133822170,0.3826053480626940,1.797716393,0.3524435504916660,0.3075353307284650,0.2819198163963240,0.2251997013402070,0.4005794536442200,0.3871512667396740,1.6487683150219100,0.3605219547973050,0.3219109404266590,0.4169967805235710,0.4006027032173790,0.5404867888890580,1.6331251451550800,0.38789514,0.6094437285381080,0.4185278150181390,0.4528124735396180,0.4799932309242050,0.4832809211874900,0.3257458097563070,0.4802860652195210,0.592530224,0.5628608914507020,0.5611962698866310,0.3618068511674570,0.4566237366516600,0.1995906323053540,0.317210737,0.3705416284769260,0.3558315273427770,0.2156090866795350,0.537340504,0.3952159057533150,Association for Materials Protection and Performance - Cal Poly Chapter
Cal Poly Cricket Club,0.1537255672659780,0.2642225251161860,0,0.3109914910714430,0.192998597,0.2046013496603440,0.4240211406144700,0.1657075154310220,0.2687262438808200,0.1833580495512180,0.1779132049797010,0.1019583866032690,1.6220286181076700,0.3645959873258530,0.3305316385585570,1.6622478855722800,0.1204571750142540,0.2094280877528540,0.3026935811563460,0.3022707095022830,0.2233210622603600,0.2125969494795270,0.3697701429521410,0.4045700187743980,0.2707840084711830,0.1870445904031290,0.088898288,0.2676853523152520,0.4231984812208130,0.2900669334213150,0.3403205717899410,0.3396520547378230,0.058863484,0.1723869451236600,0.150409385,0.3166570999043070,0.2841567786531710,1.4768393715153000,0.3256549267546750,0.1768878062984200,Cal Poly Cricket Club
Computer Engineering Society (CPES),0.2050018996101650,0.3517295235841560,0.2706005732074840,1.6240829733916400,0.2749738221034960,0.2437359309174290,0.493417616,0.154126303,0.3732676956570020,0.1997572326790530,0.2667142504447840,0.2389418204300830,0.3316681145609820,1.787338542299230,0.1778202592904830,0.2373172743541970,0.3183970223747550,0.1957851293491110,0.4451677762223230,0.2414595204148910,0.4404800489952810,0.3090103882879100,0.2687100036452100,0.3704144943512290,0.5079337051236340,0.1970898871129730,0.2235251453891270,0.4249614667164970,0.4342846503737390,0.5626918597779610,0.4160629726304610,0.4428465315436440,0.3332877316764870,0.2824614831633440,0.3090006777454580,0.256494355,1.6151225711530400,0.1743094246262740,0.3472250682676840,0.4376007894123140,Computer Engineering Society (CPES)
Nuclear is Clean Energy,0.085443435,0.2291555305641410,0.1935922229849430,0.6150163224147660,0.5512933305164570,0.203237136,0.1636326410051110,0.2964599845856650,0.5247327535170450,0.250435257,0.4014454451187530,0.2993983753407200,0.1124802638524700,0.5236826136673150,0.5019662604096580,0,0.3707885957582130,0.3733290308233650,1.6987168553885700,0.2264417967343080,0.5456268926946970,0.3390157307551680,0.6384352752697930,0.1614433379536110,0.2690188865808900,0.1126984155042530,0.1780159435797310,0.1893520610319110,1.8972915690514200,0.1438235104001710,0.045720071,1.9147204183491500,0,0.2221905606395170,0.3734508217180080,0.428948845,0.5811073423161920,0.3383302124053680,0.2866800451002430,0.119656625,Nuclear is Clean Energy
Industrial Technology Society,0.033424078,0.554711687,0.2271048918901630,1.9434202712474500,0.1832728684229260,0.2486304058829470,1.6323327603991500,0.1212099649985860,0.1369102281728600,0.4645797023494410,0.1778921951299150,0,0.2756988665017330,1.922197381800590,0.4641808606495980,0.080567414,0.009024763,0.3405094662458720,0.4035699689946900,0.156797957,0,0.4091432158895260,0.33222214,0.3362854708320090,0.492221613,0.1078652535117570,0,0.5331607400563320,0.4505170697974150,0.625298506,0.2886567122281010,0.3331678499819300,0.1360966454581340,0.092109734,0,0.1354788220693280,0.6223587044527930,0.051924897,0.1859213616643920,0.3954616041283760,Industrial Technology Society
American Sign Language Club,0.2773347474476500,0.1673886789722390,0.3770883311792970,0.3175239663873670,0.2961842655956220,0.2345821278789490,0.4074361660344540,1.6521370394355100,0.4714217442967250,0.3130646467283100,0.4717412447951670,0.3254877120734340,0.3161192823790520,0.3324690318085700,1.7725995782519800,0.5508846083780720,0.3653432646070500,0.1480482130909940,0.3865200948906420,0.5591201364285970,1.8256918778357100,0.3997820425477830,0.6124837194539790,0.4735073694115790,0.3586504796872880,0.3930720836982820,0.429411921,0.1682638643356870,0.5593258407369700,0.4249319089006350,0.2428712985632210,0.5266576355572910,0.4222271294813230,0.2444762437979880,0.3145740737332190,0.4451211936314910,0.35570722,0.4226514592773450,0.3817906357137880,0.4711061480242600,American Sign Language Club
Cal Poly Archery Club,0.033058298,0.3108720621289960,0.4352010388431580,0.1844444209399340,0.1153570359031960,0.2885456703814270,0.2055837062717540,0.1165080453481870,0.1099096632985220,0.2723414945771890,0.1894583044071360,0.1956505949364370,0.2333176664329620,0.4123783983776670,1.7100976298609800,0.3875961454067770,0.057973764,0.1741770123693540,0.2086393426323300,0.247492464,0.3977835430476410,0.07517537,0.4013311784826490,0.1599294520220560,0.4967295050851180,0.293602896,0.5074212391374750,0.4765132163062630,0.3050663625683110,1.5095896316727600,0.4288554381473950,0.4253320464883690,0.2385814117964230,0.2346716092034740,0.05922636,0.4030779379766060,0.4336430627328510,0.4154090466492800,0.3799043528850710,1.6222918480536300,Cal Poly Archery Club
SLO Climate Coalition Cal Poly Club,0.2754428033591980,0.078054512,0.1304186337379350,0.3520356448230920,1.841320743712360,0.2971668898965730,0.3587944869525570,0.2235114484128180,0.4302533472604460,0.1849638745115060,0.3746565986275420,0.3104498345529010,0.3671095865902640,0.2960706286217110,0.5523607044836260,0.2939052577728020,0.5518197446296190,0.295108805,0.420274374,0.090956101,1.6740953580102600,1.8592173522197600,0.2904693181161380,0.5250148401520670,0.1937455848629620,0.1461569679177600,0.09208002,0.1769895542374440,0.2945592973014200,0.3670165901547840,0.1644698651599470,0.4203478191052100,0.5127790399381710,0.1645199642830960,0.3495972578800950,0.4758075045152470,0.285521532,0.5431270371852660,0.3294186140201880,0.091060025,SLO Climate Coalition Cal Poly Club
Indian Students Association,0.221437202,0.1416600224857070,0.4098281639390970,0.5174353166635880,0.4014770346196670,0.2995442069465460,0.3951589383301360,1.7389163216003300,0.4173713144117230,0.3749041536839320,0.4797889174877450,0.4421865877562770,0.1500916753757550,0.4722097631346590,1.9866997498647300,0.2315598578405710,0.4576793348633000,0.3866043295271760,0.3709957540761010,0.3870179172606050,0.4062203428248760,0.2672010994007690,0.5574900683378960,0.5551607952426560,0.413415085,0.3090045802186200,0.4002946547502410,0.3498700249185640,0.6035286017758740,0.2888477370412540,0.3372532969314130,0.4042178475091610,0.3465162179371230,0.2325489701724250,0.2953640592791040,0.4627024865955630,0.3915992143712020,0.2653669156192530,1.6449075225206800,0.5781332138615250,Indian Students Association
Letters of Love SLO,0.287299843,0.1863113479284040,0.3553652872818690,0.1778380061401730,0.2572910382137410,0.2249241517277750,0.5424635281578270,0.4030693941212580,0.538378393,0.1056565498114050,0.4933397581647880,0.3924161078705710,0.1480400794939810,0.078077243,0.2434898016361930,0.2486926646474320,0.2889977390164980,0.2733352641584290,0.2129348815802520,0.1783415180826090,0.5981122106500460,0.4687107679058420,1.7075678967860700,0.2306344521809030,0.2126554464655550,0.5385172749758800,0.4490108909779810,0.2697191410516520,0.4821398868586450,0.2334655525688910,0.1350082871700050,0.3945299932297300,0.312689405,0.1941610144118960,1.705752048330600,0.6075325031767160,0.275746155,0.2622343642193530,1.6540590243777000,0.3406752025425800,Letters of Love SLO
Cal Poly Real Estate Club,0.2475588387926440,0.5738198106002980,0.4842368256178370,0.4682378241176620,0.2960737100644640,0.3608372110244760,0.339625423,0.3766136820786030,0.3357444813647730,0.4439699754548620,0.238312867,0.4320786017524680,0.3250850231271260,1.6090971199587500,0.4047908340532500,0.2336247767200820,0.3948916751893140,0.3216095822942920,0.5572670524235960,0.2458396276469480,0.3654034009110490,1.7191903312976100,0.3449838282576180,0.3691362180188400,0.4611495645729230,0.4587364997189770,0.4743717248337740,0.4615915500522580,0.5370469662593890,0.5883549826110110,0.4581488897477920,0.2558185111132470,0.4374654304777870,0.3012940758999600,0.1386716446939660,0.1638829413940990,0.3601362190216700,0.3170741443661440,0.4146992125324640,1.662908197993220,Cal Poly Real Estate Club
Analogue Design Lab,0.04892876,0.3231984595786810,1.6536455656849900,1.628347495926440,0.2346972249492450,0.2340334629911030,0.3239777080809070,0.1273160141431350,0,0.2751846016478550,0.1871145220147510,0.1451048208031280,0.2711944507618550,1.8157222541848600,0,0.1616712880548900,0.1418109774628550,0.2324511219049140,0.5407002023406990,0.3493135287289200,0.082852618,0.081119558,0.2337752731638340,0.1735690270554340,0.5325041724352510,0.2776153510888920,0.4413401500513470,0.2924621469935530,0.1980586976399730,0.2913973802390480,0.3621987924646790,0.2576358035475540,0.1860003665948290,0,0.1427841961623500,0.2801573191094580,0.5960218939793670,0.1683224356855370,0.2375005120397210,0.5364082232600460,Analogue Design Lab
The Cal Poly Triathlon Club,0.259531208,0.3544159766578320,0.4774711160253710,0.3177037567943490,0.2407286331517420,0.3900879399646700,0.5583435173716850,0.4025955455774320,0.5324710357274030,0.3595391479664950,0.5120935628025800,0.4514686554331980,2,0.420712389,0.4283864016663070,2,0.2792039834055230,0.2388639266812030,0.5022571551676160,0.5649989045264550,0.4530599392267440,0.4048940092153130,0.546638814,0.3901445481018080,0.3269001104469820,0.3692134000373840,0.5275448108777790,0.2469823775827970,0.4927074234415400,0.5873431333921910,0.3138129348153640,1.7062096573013800,0.3554214214707020,0.3385366293788300,0.486254077,0.4676495433220560,0.4164564928062230,0.5984564991018010,0.4977449519481610,0.5157672901021570,The Cal Poly Triathlon Club
Furries at Cal Poly,0.1168540098932630,0.1006524801283560,0.3670875263590460,0.2522090921949810,0.1318105486724080,0.069004406,0.1154413257504790,0.1932625016597980,1.4710869135260000,0.08594551,0.2033944410769710,0.2818160362360790,0.1067500072181650,0.2678199564689690,0.1740259497234690,0.1694897683440860,0.3018516169566660,0.2947176534665970,0.2790672882989460,0.1771534732001190,0.3382037291864600,0.2175838383072420,0.2249059006335690,0.2605014721813330,0.1392565743206870,0.2019031820703780,1.5304738258402400,0.1334770545487490,0.3394005192305180,0.087430627,0.1969567320039410,0.3003998813729440,0.092617861,0.3379985890404380,0.3645745579208580,1.7615069625230700,0.3980469606998150,0.2507799610154270,0.1601885573882500,0.4362639300888020,Furries at Cal Poly
Cal Poly Entrepreneurs,0.1569247412840360,0.7364362025011100,0.4905885201365950,2,0.6026663029412180,0.4825680702871550,0.189220941,0.4469632769322660,0.2789568115567330,2,0.4771649714491270,0.3756829888169440,0.5530281341320310,0.7271642756217530,0.4487466187283860,0.1646910700512340,0.2289895675921530,0.3630284395557090,0.7398261017476500,0.4175813804757300,0.4107390803382890,2,0.6493854037549610,0.4068226827840330,0.3838550531218660,0.3636790220108420,0.5764597618026970,0.3901346347432560,0.7336029795544620,0.92865771,0.3064446477010160,0.6284502951194030,0.2663280226325420,0.2676777572750120,0.2025591931112640,0.2315702989711250,0.623057912,0.2062861790112250,0.3479732384286240,0.5520370857188290,Cal Poly Entrepreneurs
Panhellenic Association Board,0.2574977838839430,0.2296298866738990,0.2357391046322410,0.3057255264642210,0.1550020470287090,0.3125650421047950,1.7218663492269300,0.3538511632132820,0.373618021,0.2149341746930260,0.3975898814652180,0.3172096512692220,0.2277609575646090,0.1939506696205490,0.1987963518666450,0.2621529742312250,0.3477372611356560,0.3491871069380900,0.3847300735571120,0.2444111551979930,0.3490988226407210,0.386542711,0.2944973356428420,1.580233266,0.2900854864388360,0.308316567,0.3259089472778830,0.3167148583652200,0.2554607212611250,1.4735042442308900,0.2676162663453790,0.3279274107031060,0.2743939719899040,0.4342549566762710,0.3043289352760710,0.228728438,0.1789191510803510,0.1814351322617130,0.4640760137438170,0.471948189,Panhellenic Association Board
Cal Poly Ballroom,0.1148485902394060,0.151595926,0.3157255436266090,0.1794605670355110,0.037396054,0.059774049,0,0.249581964,0.5045033564752300,0.1293271771499740,0.1664765895030770,0.1852072225390360,0.3387898401408690,0.154321534,0.2953577692159480,0.4758964444944730,0.3165310201871680,0.3242073566506480,0.180938646,1.5497526171482900,0.09635039,0.2100346597000570,0.246303386,0.085691942,0.1549765683228290,0.1742247538770300,1.5934473672281600,0.1258369337036770,1.5312219010909200,0.1191339623644160,0.1639946384358610,0.1988515027866040,0.051913055,0.1764133430908070,0.079820042,0,0.3854151233665710,0.4120077300549490,0.2126593235850250,0.4125681121297190,Cal Poly Ballroom
One Health Club,0.2883749711384470,0.4048836387949430,0.2710435966630870,0.326623649,0.3817937045515570,0.2924781223854430,1.6933128762574500,0.2546981610049480,0.5254895244442970,0.1984508311681580,1.786786006,0.45561134,0.3001094853800510,0.3249583817703870,0.6079379598445790,0.5783583196376240,0.4298621297886630,0.1228631189660110,0.6045112010375900,0.237790729,0.5487156939299860,0.4238017271816400,0.3212138241199430,0.4173035723605360,0.4980838291121600,0.3129160743313120,0.030754543,0.4005217805526380,0.4785456342065320,1.6633914110719700,0.3745157948498440,0.3186355418113520,0.5418073218013590,0.2841986723683900,0.6212102322799340,0.5816839804340850,0.2720344704360520,0.4306379714147930,0.4333188347205570,0.4728654,One Health Club
Society of Women Engineers,0.059960338,0.3270943910549880,0.4267820316589040,0.467774022,0.3545129468755040,0.2875752940444700,0.3058912846547560,0.3786369350034940,0.169247602,0.3020783133954080,0.3929538649078080,0.2513658543245710,0.2963008508829330,2,0.2058919020739270,0.2725798112572410,0.1865726729382860,0.2317523226226460,0.4194824917775700,0.2936269783346780,0.2999415644652030,0.1674142663430550,0.4432583879466990,0.4720954552971080,1.5224695773240300,0.3170894159665180,0.4494450618918670,0.3785947721245560,0.4113079779002310,0.4929349606697470,0.3762162550491450,0.4555523027923140,0.2823047252207760,1.6454762270979300,0.2557731263198660,0.1945281270801120,0.4847022020309690,0.2275620995922730,0.2971217849074950,0.4698646479901180,Society of Women Engineers
Backcountry Squatters at Cal Poly,0.2854550484847750,0.2352544980114730,0.3831815628171250,0.297684523,0.8028376693797980,0.247617168,0.2172701657821810,0.7875498239236620,0.7873215230847430,0.3492650455350800,0.5947335979265620,0.6558186180043370,0.19294335,0.3211081212448720,1.9907825185134000,1.977263585441890,0.7055689135775570,0.722487539,0.2694350194317450,0.4936172845958480,0.894433575,0.4016376281994710,0.3901353098018970,0.6974538248581950,0.2642116949863040,0.397757417,0.4478939401594900,0.1171748586441470,0.7250929004023550,0.2994392386576910,0.1591650118466590,0.4678550565217130,0.7110007778230680,2,0.4798939570451700,0.6488779197197090,0.3901238901762100,0.9166945700417210,0.7386846316730920,0.3185142795750930,Backcountry Squatters at Cal Poly
Turning Point USA at Cal Poly,0.2070570136829130,0.1495023446632290,0.3258682973301130,0.3740437423720330,1.4876305441402000,0.277872469,0.4228401633838630,0.2272776111552970,0.3153867639945320,0.2066940531525500,0.3613420598997810,0.2834082958068830,0.3810574515442850,0.047722463,0.4822806420427450,0.3076325909663460,0.4770087240502560,0.2246717380831770,0.3048966437730900,0.1815783831171550,1.7876126931801400,0.4186845624740140,0.2882705833637050,0.3892012379648830,0.2621509207628000,0.4186796805192770,0.23855426,0.2512256275284860,0.4757971840414410,0.077372462,0.2891605037547820,0.2708916349772460,0.3651857642029060,0.064834124,0.3856751035288130,1.7888763515062400,0.2927647503473610,0.2872836368875400,0.2279410679509550,0.2526505330436070,Turning Point USA at Cal Poly
Trans Queer Student Union,0.1461935365583300,0.1820741847125420,0.1891267639651860,0.4283782637310510,0.2666324747268920,0.1158457526998660,0.3543549653692990,0.3693440405477490,0.4716493159395510,0.063106469,0.4059689197912800,0.2921884422536610,0.1610235009117960,0.2306982953341780,0.2055715448666070,0.2972461172080930,0.3436051383250810,0.23329077,0.2541444315082890,0.3328848520703580,0.415991024,0.3157550746380030,0.2147376973138420,1.571557880864590,0.3859006743858560,0.2179351750129870,0.1625032061402720,0.2477589142837890,1.5325095282243900,0.2113726078178550,0.305594472,0.315812049,0.1805487167363450,0.3135070617754520,1.4932172252156000,0.4422041259933680,0.3476856854447290,0.2947370255581220,0.308687547,0.372166871,Trans Queer Student Union
Epic Movement,0.239505952,0.073453858,0.5749861850889140,0.3448157156285080,0.2888433599314400,0.2442845734700460,0.4204997178353110,0.5050362284818360,0.5274189517670820,0.3896841491944370,0.435249726,1.712657965119320,0.1400697284117770,0.2523389677268210,0.4203584594346740,0.2546688665471340,1.7916843220218100,0.464640509,0.2913511044226160,0.5386937596657600,0.6967328939275730,0.3110841387401050,0.5332768615778620,0.2731891504362120,0.2842695204891190,0.5404183335029000,1.7062953651860100,0.2112018544097020,0.3556844158817360,0.2091392624683240,0.2659549282403390,0.1049536092978370,0.2553265924877870,0.1258276732724350,0.4204985350686090,0.1975695606047290,0.1736508055719390,0.3069539546249050,0.4449340682499550,0.4825944525504070,Epic Movement
Cal Poly Survivor Club,0.2130204205913280,0.2346345422514430,0.3499298192020650,0.1491275897318540,0.2633269992438510,0.2310855925293640,0.2791815392767610,0.3791802860860580,0.4918386088097230,0.1747611975959160,0.1661823408092290,0.2436058720075750,0.5375967881128950,0.1784379333759680,0.07153994,1.5553532339894500,0.3766927799063240,0.5032896826674270,0.2909435623211770,0.4127648339304290,0.2837349056045850,0.2642671879753050,0.1422284885478030,0.1088050893329730,0.2113233995506360,0.2193542231467910,1.5644835357705400,0.066706968,0.477532088,0.1771865474771610,0.2168112961588870,1.6691662843713300,0.3327600980434520,0.073082087,0.141291126,0.1282245922348360,0.3847136622961060,0.4629412801460920,0.2978745046921560,0.2175843139355180,Cal Poly Survivor Club
Archaeology Club,0.2280162249901790,0.2795359642298260,0.3766616136774930,0.3051215515528510,0.2995662347143360,0.1714222002248760,0.4063074513611310,0.433389447,0.4524143200628120,0.2356501750681030,0.2010445510090710,0.3043241565469020,0.2947038746924020,0.2441713719300890,1.5746928861681900,1.5850230365113400,0.261852554,1.8989153185092100,0.4384307888942560,0.328575081,0.2615166614997690,0.3156209957802280,0.298212326,0.3566871132800150,0.1716345050755060,0.3064917253764100,0.3612024973231310,0.098868687,0.3706477137079370,0.4075759782174190,0.1803760360043230,0.1888819681798550,0.5052380020571870,0.3793574479270320,0.011650001,0.2611678664894840,0.2796814928581430,0.5275850070295400,0.3139459179713110,0.5134241277413390,Archaeology Club
Cal Poly Country Line Dancing Club,0.1807954140114060,0.2520361462704260,0.1679098502672060,0.159831926,0.009465949,0.1198883397155640,0.068851362,0.1610758435680280,1.4349185496623400,0.1260149998195460,0.1228551901123940,0.1385147300189980,0.1172156452905670,0.1457762997140300,1.4198093713690000,0.1769855896132300,0.3270243888247950,0.125595973,0.060695929,0.410778115,0.1648553147495550,0.2294994661474270,0.24095675,0.1386545219736270,0.1687875297249610,0.1506263103148970,1.4144518263325500,0.2343413546947570,0.247257058,0.1607517285295480,0.2415704348930070,0.1651309568911830,0.068134021,0.190332113,0.1899687763452880,0.1106270178217940,0.3313687274407840,0.3161902926604100,0.3312707525854490,0.3463621731074460,Cal Poly Country Line Dancing Club
Computing Research Society,0.2721653935872800,0.5321103531758350,0.4961545559643130,1.7894982954167300,0.3893658999902970,0.2202640179795690,0.5837268673764450,0.2710495324018240,0.4057920812038510,0.4896734910981840,0.3221832176969280,0.4199444269573570,0.4163205117308130,0.6928912756225600,0.3504669381281710,0.1770330040967480,0.5749223040574660,0.3075071031806330,1.8695899927773300,0.3746817779687620,0.4174662659436090,0.5269734207536020,0.3459879264446590,0.333320726,0.426817595,0.2039320578768040,0.4082152552592210,0.2429080785982520,0.3736323382888390,0.4816272920608580,0.2190518736139670,0.3705067041267700,0.5274760965183130,0.3409340972955060,0.3702725624698780,0.2911221451164730,1.743651718266750,0.2570323279532660,0.3838063840485690,0.3627345670200030,Computing Research Society
Can of worms comedy club,0.2858085502393840,0.3258057602832910,0.4504307396323820,0.1635696038405930,0.2392162359381960,0.1424654028916040,0.3225199480487070,0.4163929497920790,1.513810649296980,0.2827107114533560,0.3399893493080210,0.2513602493556510,0.3481763235324470,0.096704205,0.2459500971292540,0.4339013474782700,0.4346429853048320,0.3513086735751210,0.1200575432874360,0.4102016487424920,0.3365422496160350,0.4677894152987940,0.4265989686359900,0.4925498380309320,0.1373573657009600,0.3910399388615360,1.5997603106384400,0.2072766711901710,0.4638640582927970,0.1676685982108100,0.2694393478325270,0.2997557697240540,0.2638075711442700,0.2826509685998740,0.5011163162910620,0.3224939631582320,0.2372882713301050,0.3121083704620080,0.4798955413019450,1.5198265809174900,Can of worms comedy club
Color Coded,0.1351280364650810,0.1942577073757600,0.4197473489022120,0.6835027523457270,0.2806893376506150,0.2210194847480000,0.4204089852643910,1.7912822884655400,0.2885553479042080,0.1544510991387570,0.4045370645967880,0.291253429,0.1150611242964320,0.4912519439885250,0.3667522593722980,0.1387300422689910,0.3009086602685700,0.3224588767339420,0.3416701996241590,0.5048553159739760,0.580937202,0.1353535767787960,0.5200787994824400,0.5177307528753710,0.548452832,0.2718612075323500,0.5305248844777100,0.1863844312617440,1.7133733245593900,0.4449823670725640,0.3234007658555220,0.5483458882451670,0.3481732810066220,0.1836038478373860,0.4832135006051170,0.5709790970672290,2,0.1017301183568040,0.3235234942983030,0.2810660430067520,Color Coded
Latinx Cultural Association,0.2558440112577710,0.2680580499732140,0.4634511188140970,0.2522106028960970,0.333697818,0.3575707285283330,0.3695372755374190,1.724541770896170,0.5169017629618480,0.1821758579732250,0.351209025,0.3378047134814250,0.4687091756630780,0.2727412166414270,0.3831936014561430,0.4674495493132250,0.4026024724434250,0.4222618274336000,0.301325189,0.5229783704906080,0.4348163466178230,0.5312191875483400,1.599300998,0.4923731798669470,0.095639063,0.2995554571100070,0.5548456573381610,0.1660115591027590,1.6002354521029500,0.2914412808362680,0.2577636451914060,0.3541871810285520,0.3396755378487750,0.3458761979171080,0.2920535945304850,0.2527535314488510,0.2829592535654990,0.3324932228242730,0.4042324718803030,0.5580045447085550,Latinx Cultural Association
Italian Cultural Association,0.2011612813147190,0.1381510544993120,0.3882152077518460,0.3346155295894840,0.3245146569834720,0.2012528745404170,0.6633379511949910,1.718329313202810,0.4999453806491460,0.2441853640623880,0.3631614824221770,0.3894888792222690,0.4365565678724860,0.3829228200190830,0.4177912465931690,0.4161885946502770,0.3520598492780720,0.322861435,0.4728664391781970,0.5159377169727070,0.3931939323698780,0.5847354564750400,1.6762731671454300,0.6079487652532000,0.3366501917810570,0.2975611680055820,0.4795733235259640,0.4436278683001140,0.5249489621545720,0.3157867286810860,0.3838625170715050,0.1746636038616960,0.1699730717292100,0.4352521409408760,0.4159697088461320,0.3502701758262890,0.3335599958317920,0.2218934287601660,0.5226866517501950,1.6836651544428000,Italian Cultural Association
Cal Poly Fencing Club,0.1153267878908900,0.4889997904809540,0.2584834477721990,0.3945668376980480,0,0.285934235,0.2908912224485200,0.1556166540654840,0.2878937267283470,0.1656227416485030,0,0.1257966781381950,1.6399031649612400,0.3952904045166010,0.4587557623990940,1.5274845887483400,0.042143103,0.1063735424784020,0.2512483589909560,0.1262292437330720,0.2328735839525150,0.2211914119070830,0.4661465287613260,0.3845437476829760,0.2219500909007950,0.2583441825620470,0.1021544948634220,0.2749291659416610,0.3189269692304220,0.4590533914217490,0.3987346677290690,0.5049325629444420,0.4044089875056160,0.1526994816749880,0.024159815,0.3180531144541070,0.3068891776072740,0.421753759,0.2143801193722980,1.519314486289640,Cal Poly Fencing Club
Association of Transfer Students,0.4036742082871560,0.4401815901766760,0.3006965892483310,0.4282822238780760,0.2209339810831780,0.3338512295826660,1.7878324323369700,0.5875963663230290,0.5015444042850930,0.3233809254463800,0.2562170536306710,0.2909666487085950,0.5829557385848070,0.4226285436514420,0.4696178758292710,0.4367493796515830,0.344460527,0.5668053778235270,0.513930562,0.3000252144058100,0.3623996603317340,0.5175016361762840,0.4537107789877650,1.6332319788173200,0.307894511,0.2948125456396520,0.3712766597380070,0.4308429841027880,0.3965151498878520,0.5564195362832070,0.330156663,0.3275473858837640,1.6304076783142500,0.1981645924216370,0.2966452408751440,0.5107944908939220,0.3410654718309790,0.2139212212918630,0.5560027511751320,0.4857929352299800,Association of Transfer Students
Cru,0.3960884977969800,0.3104550266481830,0.3886086226702930,0.082230893,0.3354996336065990,0.3221826138276320,0.3295967530861170,0.2442642584377220,0.3612265483293040,0.1269921713406780,0.3200023482004160,2,0.207508095,0.1232277715521370,1.7678900461318600,0.1834368918866990,0.5251452626491820,0.505761928,0.061961381,0.3764412781505980,0.6212421939729930,0.3341513589681020,0.3445813600026930,0.1205401734171430,0.2172796999985410,0.3595451254707640,0.3805185318630540,0.3775025638909020,0.3901392365979890,0.197746832,0.4571560315158190,0.3455451653762780,1.7602697551016700,0.2100988556565320,0.600060203,0.4515098931371730,0.2751886698576690,0.3224385093901520,0.6716816164044500,0.6569220736505860,Cru
Cal Poly Tech Sales,0.1779922011990140,0.4230063468315650,0.2422031991235020,1.5998632773054500,0.11102141,0.2344205101655990,0.2877783199013680,0.042895347,1.485068393125760,0.2976939782166140,0.3138032652969790,0.1552227238652800,0.3423665891303720,0.3688186218560210,0.2549577640878400,0.3566118512896950,0.093331978,0.2013798976994220,0.3193793792943580,0.2476763719316260,0.2632616693913470,1.711712033318060,0.1957632795844280,0.3991161501766350,0.2067187374373200,0.2498529575808690,0.2882445126886250,0.4157901510650220,0.4582257995457360,0.3873457698920420,0.3901604447609340,0.3874944114142400,0.2739276200786870,0.2159506906360370,0.162294252,0.3177019900942830,0.3896049137729410,0.2399464346475000,0.3202669575643070,0.3761163039156110,Cal Poly Tech Sales
Undergraduate Law Association,0.1499754320534160,0.2453160740241100,0.2227068938744740,0.278842923,0.1239266838241070,0.2376403343694260,0.6318073017632880,0.1624319369252630,0.2070083488515410,0.2542622808231180,0.130549518,0.2847227731180100,0.3554425059574030,0.5127039372540770,0.3651008792881060,0.1531459233861520,0.3371321418131870,0.3645658872853080,0.2889845729777530,0.2538077999079670,1.8980758600247900,0.3654238765923360,0.5075549745424890,1.7049632569924800,0.3952672105674480,0.2606972161374120,0.114074595,0.6092366363205700,0.2876265066671390,0.3921492097933570,2,0.5113678324924660,0.201968969,0.3713822717639420,0.2465696313995570,0.2929895953156290,0.2731127642445920,0.098544385,0.3238882371902600,0.3812722434964050,Undergraduate Law Association
Engineers Without Borders,0.2034980532983560,0.3490216983859420,0.2147028026453520,1.668436275502620,1.7990338355609300,0.2400663645527350,0.1856415520134300,0.1907894101590090,0.2358424832893710,0.4014726006788770,0.3296309255294140,0.3812168418913230,0.1051774917215600,1.888280430582950,0.6311087296130550,0.1607617965459830,0.3499379986514220,0.209509978,0.4594989452541110,0,0.2483795264594630,0.6301913233731850,0.4445755769929850,0.304169121,0.317737602,0.1395790377511250,0.1559488662030520,0.1330165262045050,0.3224314600837550,0.2053273641662550,0.1130993900654760,0.4153454714728510,0.473365199,0.095160778,0.2341075935276420,0.4527341945714570,0.4817390658476320,0.5893040779887710,0.2519821410263100,0.1948387860173030,Engineers Without Borders
Cal Poly Society of Women Engineers,0.059960338,0.3270943910549880,0.4267820316589040,0.467774022,0.3545129468755040,0.2875752940444700,0.3058912846547560,0.3786369350034940,0.169247602,0.3020783133954080,0.3929538649078080,0.2513658543245710,0.2963008508829330,2,0.2058919020739270,0.2725798112572410,0.1865726729382860,0.2317523226226460,0.4194824917775700,0.2936269783346780,0.2999415644652030,0.1674142663430550,0.4432583879466990,0.4720954552971080,1.5224695773240300,0.3170894159665180,0.4494450618918670,0.3785947721245560,0.4113079779002310,0.4929349606697470,0.3762162550491450,0.4555523027923140,0.2823047252207760,1.6454762270979300,0.2557731263198660,0.1945281270801120,0.4847022020309690,0.2275620995922730,0.2971217849074950,0.4698646479901180,Cal Poly Society of Women Engineers
Military Science Club,0.2500845783259660,0.2552958712929290,0.1852950449987760,0.4724681946227340,0.2897657444108260,0.2667050331915320,0.3499593935399920,0.3123297957351170,0.3341009264733000,0.2369787409094700,0.334193567,0.3136549052472160,0.3212169907690420,0.490488776,1.8309865009249900,0.3834219245280210,0.3772559427287040,0.5806654246545270,0.3975763881782770,0.099751202,0.4164082691173420,1.6958535009605100,0.3678740494629400,0.5137696087143170,0.2866130274516220,0.2262308903079180,0.3446029202928940,0.3541393076235500,0.4508197646506720,0.4514295126836590,0.2472295890233450,0.5279961636166590,0.5104808093848140,0.3592892263079350,0.2335236608899840,1.640017149263510,0.2927435889671050,0.3498260606427270,0.3470133561658190,0.3768300250053910,Military Science Club
Cal Poly Animation Club,0.1554793418627970,0.1525449669828580,1.8333619808152500,0.3982209690852730,0.2005508185602730,0.2797013442689000,0.2015387259911310,0.2665725644414900,0.4580501280539100,0.3292798146662250,0.1817264026935540,0.2882554729289310,0.2377992896078190,0.4019892358833390,0.1740994733477070,0.4134897912440620,0.2900967126132420,0.2643082035276660,0.3234650830253560,0.6154375167330750,0.4023335273326370,0.380490166,0.2422871837539150,0.2834106536979180,0.3354383790766130,0.5749452537894250,1.9798257146130200,0.2902777604661630,0.4830014886957520,0.3614657723593460,0.312575334,0.3216213269433470,0.3832671918426130,0.3296360161738600,0.1426291904652320,0.1925489325624210,1.6572020911678700,0.4268893494336310,0.3859489476231690,0.641527527,Cal Poly Animation Club
Swing Club,0.2906137644898980,0.1789532964253270,0.5882140072335050,0.2141890225943070,0.2695104749545410,0.1918551038011460,0.2864073410627180,0.4283481641058300,0.5876094540286800,0.4136412537072890,0.6530012101264910,0.5126166542563940,0.2306442014498570,0.2196734784950490,1.7904224705137800,1.7793569151194700,0.545383263,0.3936105494253540,0.2944533209252710,2,0.5176002530859910,0.3107995842657220,0.3095583161422530,0.4378854906946110,0.229315334,0.3063111159664820,0.7549785685452510,0.2247218983403950,0.6704149314762640,0.1406040853591880,0.3162525675394120,0.504745408,0.4585087305456470,0.3109529819273200,0.43245064,0.40407081,0.3733455082079210,0.7070379228901600,0.5296034049383920,0.7232174098894310,Swing Club
Cal Poly Fiber Arts Club,0.1701554434563460,0.5073259112420590,1.8102466847337200,0.3342184358601660,0.153522209,0.1987898125482730,0.2878807947729610,0.2278874837819310,0.3480286300247120,0.2605474059219940,0.2506380036640170,0.4169501778273540,0.2255269743926940,0.3893433280027110,0.5286196450445730,0.160150614,0.1473779632205300,0.2354581681919020,0.3195619069305480,0.4502322582610980,0.1653215035084950,0.1670144950166870,0.3597370538617040,0.220999238,0.2179443099336580,0.4728557125838620,1.831656567346430,0.3806641594242740,0.5022519421572460,0.4502014458368070,0.1414070528679310,0.1957968185675350,0.4741648493919520,0.2981376130083590,0.2346800463460190,0.3249739751396590,0.6414237642680340,0.3895463759798160,0.5335244296766460,1.9162578094790700,Cal Poly Fiber Arts Club
American Marketing Association,0.1272965363367490,0.1899291134888700,0.347586897,0.4794636234469680,0.3230811447898020,0.3268866586350490,0.3309345925428660,0.2484116968787240,0.3013077257889230,0.4132782967811280,0.3254056605375760,0.2358961251586870,0.2802050283204640,0.55519629,0.4122251074179250,0.269934815,0.3342224901965060,0.2606412630218550,0.422785089,0.2724073250842480,0.5756119633601390,1.6581278076612800,1.6487064976310600,0.5108243470669530,0.316282692,0.3476297447477030,0.2825199726389420,0.5075622592796620,1.7313137054631100,0.4852124801225570,0.3885724335646120,0.4740778872179230,0.1296405031946420,0.3809386954371330,0.2615398784794540,0.2546144046059330,0.2887183659592090,0.112691962,0.2492512404308890,0.4833083430172550,American Marketing Association
InterVarsity Christian Fellowship,0.2921921217733990,0.2531464133668290,0.2109808560806200,0.3152911161894760,0.1289997064844160,0.15091377,0.4957613043757640,0.484210514,0.5042826533228390,0.090146413,0.337769812,1.8618273823373000,0.1451875167085720,0.1888993133118380,0.3570683665073340,0.2600622887595590,0.4151371512942750,0.3467259849044900,0.2676430771511570,0.3098217672923860,0.3428317875378980,1.536414781508010,0.3499410022637910,0.4380753121365440,0.1961399362241340,0.3735830279793000,0.1443992536302060,0.2147326241104270,0.2698056158103380,0.2127451277523810,0.2706666279228250,0.1821945032158210,1.5243625468491000,0.302689923,0.3908248529177460,0.2735588082246550,0.1375210855796890,0.2163501911933840,0.3720883643599730,0.4489586735959840,InterVarsity Christian Fellowship
Thrift Cal Poly,0.1670798923526460,0.1716514493419260,0.2873356168290760,0.4775250374574840,1.6765993179933200,0.287069222,0.438469277,0.3221104716445520,0.3738752803678220,0.6122386513150960,0.5436348733245070,0.3479171685137870,0.07871311,0.4138479573981660,1.7675280873555400,0.2845262182282910,0.2470252634702600,0.3323875991259610,0.4274236492519410,0.2406013242472550,0.5595983143931210,1.722965025708630,0.3967135210618080,0.4979213271739870,0.4476412100339280,0.2335305988899180,0.2606251534779480,0.6165023959073750,0.3418500751416790,0.4752870027210160,0.3541247000813930,0.4510551097815500,0.3699889432304020,0.4438842127170150,0.2651477118148000,0.5162194668879520,0.3324064902156850,0.4246437303063000,0.3970736610417360,0.3437953313904260,Thrift Cal Poly
Society of Hispanic Professional Engineers (SHPE),0.16649596,0.3770821160359940,0.4195555512467570,0.5764733804862330,0.4508818365291070,0.3011443920564530,1.678010906,0.3517418178662800,0.262970872,0.4341849232100120,0.5318598289161840,0.4079123074363420,0.2902882907141470,1.9532657260592500,0.4097274099965700,0.3716274811413960,0.3599743745069540,0.1961031238203400,0.4723347511648970,0.3270940866148280,0.5692448228594690,0.5570878074002310,0.4707950109023190,0.267296121,1.8032458317770500,0.3105266118379650,0.338212871,0.4477130504451010,0.3966295260393460,0.6159789303416210,0.5837630718419850,0.3798573584781380,0.4296109462168400,0.2266521655146190,0.5126014628094070,0.4496223194314440,0.425044484,0.1973066761046110,0.4521653196992150,0.4284513111940400,Society of Hispanic Professional Engineers (SHPE)
Biotechnology Club,0.087837022,0.569946564,0.3526123738223070,0.7398247453033770,0.4215403495056300,0.3131814720758790,0.5333416616688110,0.3568366941780070,0.3099865680118420,0.6101462360245730,0.499119198,0.4188991525668130,0.5104065364212410,0.7240521535572560,1.9233602662912000,0.1582528817210860,0.2822837757843600,0.2705733344867680,2,0.2637585278235630,0.4598268583811120,1.802971347824900,0.6738950423678320,0.6250028815101920,0.5778736032844380,0.2602132371016280,0.3758873754482670,0.3475849803845540,0.6390113950673400,0.7092803891309510,0.30488302,0.5284990532071030,0.3518412543140170,0.3684973184914350,0.3778094765017170,0.6008209306964840,0.5849315118511260,0.057622705,0.4774828714258830,0.5252330969329120,Biotechnology Club
Cal Poly Economics Society,0.1055326341261920,0.368348665,0.2452058819582400,0.3850926708515700,0.4998714266918820,0.4150705630871080,1.9899131773356300,0.3756143036159920,0.2211665700096860,0.6360612324349120,0.4614296880776530,0.3116845568929420,0.3977045673244670,0.6022047335686400,0.827802958,0.3314917633603750,0.3698822921923950,0.3358591668976170,0.7969213941966330,0.2906569766613930,1.8447414356976400,0.453565246,0.7821001326503160,0.6768327217993670,0.6064088876856990,0.5030776992191070,0.2345545441879420,1.8930860473693400,0.5968348111338680,0.7033974627015350,0.5259782796456210,0.1857777034824150,0.3379457068842460,0.4732527638299650,0.1916226581526240,0.5935385755989740,0.2489540828317780,0.1527478670426210,0.4879682522839680,0.406708614,Cal Poly Economics Society
Pi Kappa Phi,0.4219615091855500,0.4260863621617140,0.287813294,0.4522768424721400,0.3412534572890980,0.6800437422048830,0.4057909019629260,0.6652368908977340,0.6596444239060670,0.500474413,0.4162872351157130,0.5570299197949130,0.4662828743775460,0.2662592723646940,0.5252717058354850,0.3727483279001490,0.649847004,0.6003965383495440,0.2818893855217110,0.4184873821398780,1.7918100475751400,0.6777664617952490,0.5214266385595830,0.6101629419302920,0.3144441798330620,0.3760945463118770,0.6032809848121210,0.1239067520558890,0.6035025348380770,0.4715284298871320,0.3098179962092910,0.6947541832475120,0.6723173382672530,0.3078921713606770,0.4786874505480880,1.7042245135345500,0.3624425651431510,0.291307827,1.745403409972790,0.359078055,Pi Kappa Phi
Russian Speaking Association,0.1681570748304620,0.4545657850736430,0.5161693184736250,0.484393432,0.3663830728996500,0.3126760928608450,0.5749865697436050,2,0.6327118684802730,0.352043889,0.4230980827421410,0.6428120410067600,0.330353255,0.4854305933631120,0.5551396940784290,0.3605144356138130,0.4070953046932670,0.5892498088897220,0.4671111311283000,0.487254677,0.3073631013410920,0.3110321201182600,1.925163042481820,0.5536199507435150,0.407609296,0.419444128,0.4835516279875010,0.4345825697663870,0.7537026978290670,0.3731806200341300,0.4384503749270500,0.5255569884438180,0.3904756286559370,0.4256455133613920,0.5213071800102960,0.3872385895537010,0.5023866548490520,0.4069296152945350,0.5888694979582430,1.761734568197170,Russian Speaking Association
Cal Poly Salsa Club,0.1726731662774280,0.2540989994891040,0.4996155622241940,0.3674923578309040,0.3113510680352980,0.1733136590495150,0.3774504678770960,0.3601409323553340,0.4676207672625060,0.3115132204658150,0.438194872,0.3415084769437850,0.3036007388657380,0.3629539299303570,1.6462998470355700,0.4603656475476990,0.3047794917892160,0.4106374389895330,0.4183582480951530,1.7398139336387100,0.3038169356666160,0.371171189,0.4550583322096970,0.4389481856603420,0.2786641693684730,0.3757218407335490,0.5453383147973530,0.3692876190620040,0.6207404217173870,0.2251369439911340,0.4431389471836460,0.3258756875447740,0.223296403,0.1634230264844040,0.1648325209024270,0.2798374730690450,0.3840074775820700,0.4601119791749120,0.4991116500795610,1.8873700762499100,Cal Poly Salsa Club
Cal Poly Unicycle Club,0.1127929090187560,0.048937208,0.084290066,0.00649251,0.2214722724692880,0,0.033058369,0,0.1984584128946190,0.084263038,0.1960480015514330,0.005302981,0.2293900803140150,0,0.099864067,1.4916385143170800,0.1675551281022960,0.1392120343920960,0.1762173533517240,0.1289920145661780,0.2131594535505440,0.043622903,0,0,0.015152012,0,0.060959144,0.2023688897792940,0,0,0.1788614935613290,1.2808477110849500,0.1166248763057820,0.081300926,0.030466993,0.099923027,0.1109707039354180,1.5397835667903800,0,0,Cal Poly Unicycle Club
Iran Student Cultural Organization,0.1525230297734540,0.2594636325559900,0.2973481331078560,0.4350043346194910,0.3866640650654870,0.3190306217127270,0.289376801,0.5502600561424980,0.3413981604518390,0.2954698324949300,0.3740684336303500,0.4211891784551180,0.325989586,0.3556933953123710,0.4608978184523680,0.2383721560010640,0.4426480409898690,0.3563585071708520,0.3406412876477260,0.3463725972188330,0.5510637023624560,0.5635824909542280,1.7594301628843500,1.593141167,0.2862087317911470,0.1892713960618960,0.2711928036613040,0.3242900470116420,0.588741405,0.2420320621379480,0.3929915550987890,1.6344761734558500,0.1967282531925710,0.2209000042791410,0.385363348,0.4540124576463950,0.4117948266954220,0.232066687,0.5583650659925410,0.3996944725631550,Iran Student Cultural Organization
Men’s Health & Wellbeing Club,0.2829352256836220,0.3314202600780730,0.2877865680412210,0.1111316828619520,0.4100681743396190,0.3946250736095840,0.5125926808842010,0.4289151039288150,0.5716706499672640,0.3130220348420970,1.9888699039666700,1.7267214449496300,0.1936934625124040,0.1971243363314020,0.4886222670082860,0.4205723091261230,0.4185355571392360,0.168765984,0.3428905659907600,0.2617737983545000,0.6360049862389370,0.2525046347717760,0.2890348331486560,0.4673107781110530,0.255141942,0.3877212770759910,0.3267596945751760,0.3410093059835350,0.4306977203423200,0.5975125896974620,0.2493161907773260,0.4432627705238140,0.5923781539027370,0.6354254242076490,2,0.4064112651128210,0.1435768757483430,0.2368074654000290,0.7227559131456730,0.4833555314684430,Men’s Health & Wellbeing Club
Alpha Phi Omega,2,0.519167381,0.4065214786673770,0.3909735756838820,0.3926788255548880,0.3141163130643100,0.7474741076445590,0.5780252348975190,0.8183980894414950,0.1524044025842380,0.5978350783228880,0.708323276,0.4328048056579940,0.2421716946309010,0.7261235544942890,0.5916300915739580,0.8291686847521840,0.6084553820068240,0.3541803108444510,0.412086383,0.9951075013779500,0.5728591579235240,0.519886546,0.6013163474089580,0.166615271,0.4848552572919500,0.5759549971476470,0.3633547247752490,0.6701350800158230,0.4003878200934640,0.4395604913697210,0.7400791948388420,2,0.2683841227257950,0.8357954411564890,2,0.3201473727929230,0.4656111903073500,0.9850870401820500,0.5793446325283630,Alpha Phi Omega
Cal Poly Cognitive Neuroscience,0.2145349813999920,0.4027921909211610,0.3525048986682640,0.427153509,0.1691558836476770,0.3373424491478710,1.6041048660140600,0.2995750592100070,0.3942533427926720,0.2468644038405580,0.2884207907282720,0.5035091028917670,0.3230490951850570,0.5307079133781900,0.076740162,0.4145499118783370,0.2884738818449830,0.2018534439206670,0.5861812982112400,0.381560574,0.3044398565601730,0.4543386074696150,0.447673485,0.3436369872179290,0.5044125078860410,0.3187390300730370,0.3104933139658920,0.3607064192078250,0.4404705137987950,1.6274034344969000,0.3124907269086400,0.3752473879861600,0.3308991056038930,0.2717852538600180,1.6957228880421000,0.3022778361370890,0.4851859682864620,0.2739080438819900,0.4259811750815630,0.492114867,Cal Poly Cognitive Neuroscience
Kappa Alpha Theta,0.146843243,0.093329835,0.3193403003164150,0.2613006612531870,0.2135140830934190,0.2341627392936010,0.4416442464054700,0.2392221975750130,0.2295796081631590,0.2781962088771120,0.4510912077292980,0.3346154712193400,0.1399619236326220,0.074654328,0.3576667973600440,0.1142659151026210,0.1220417335843440,1.6554198168418400,0.3928378637724050,0.3717883572006800,0.033926793,0.1811221860525800,0.4291036002248820,0.4651479469353610,0,1.6964424681138600,0.406057467,0.15490614,0.2212715246308660,0.3028990903089900,0.1600970997951260,0.2414519189426210,0.020631499,0.1544464690995080,0.4694296890964340,0.1638774760963530,0.062427483,0.1267340097117150,1.5711867448877300,0.4589294273423150,Kappa Alpha Theta
South Asian Student Association,0.2388552644589110,0.097243167,0.3163715656967220,0.4302382593141590,0.405755834,0.2749104824283440,0.247770512,1.9091911258899300,0.3975485254932860,0.2311822047740970,0.3835317020819230,0.6286900303543450,0.2539582204488160,0.3975988705212010,0.665490171,0.2304799344928880,0.647929881,0.5626287388694580,0.2958152347241460,0.4973492082461040,0.6245948996974880,0.3111301566833090,2,2,0.2067234868723920,0.4616600603593640,0.5503776384449500,0.08370804,0.7106675366192100,0.4062739086800230,0.1778003675450510,0.4934905737271890,0.3089627721673230,0.3972947004327250,0.4435983699875880,0.5297223958531230,0.3226516368653400,0.1978638664998710,0.5308831743369600,0.46275552,South Asian Student Association
Military science club,0.2467482158288620,0.4406586054908700,0.3491781237407590,0.3426879355419480,0.3490564519620490,2,0.6236945275893040,0.3696180652424380,0.3697786327239920,0.3997089093139240,0.4202481111606640,0.5921442878031670,0.5513558271110050,0.4429471619154400,0.6824100567826720,0.2715667097112090,0.3309162683320140,0.3979667798761560,0.5671547319183260,0.478594163,0.6822287340618030,0.5822004181851920,0.5696818565705130,0.2737961213867590,0.4229037491927370,0.4609601988958930,0.4383102684055730,0.2175779642827210,0.5138475508074840,1.8624750754256600,0.2868237421453040,1.7882703663123600,0.5498590628288530,0.1996550707585040,0.3599499164747010,0.3641825630301350,0.3113442114591710,0.4325722536254640,0.6193592209462870,0.504944739,Military science club
Sales Engineering Club,0.1213902887398830,0.2297049025027320,0.2739039252179300,1.4724733208220300,0.1109468099013320,0.2712167046759680,0.2573797028088930,0.093790663,0.1564873302118470,0.2975155873856980,0.1273901668813270,0.1761459457978130,0.2671891953139480,1.8308275641482100,0.04707043,0.2066992151115460,0.06089834,0.1343074871305280,0.1370835750485810,0.3029014288795790,0.1649592456266390,0.4723610151216190,0.2119505137306460,0.3528938662933180,0.3416579056551860,0.1275449605238590,0.2524306302787610,0.4524306834324050,0.2051117742582090,1.627453043403770,0.3947846060557090,0.3616121901764140,0.1491369377420700,0.2418709068147600,0.090479457,0.1934992684301920,0.3036369082867820,0.090268454,0.101542726,0.4145162871676060,Sales Engineering Club
Waterski,0.2389571364848040,0.1950956522401430,0.232514174,0,0.3232345919427270,0.3505385935145350,0.377381542,0.367318422,0.4316732042074900,0.3911935529112980,0.3359625214471940,0.3736630476976650,1.8902237107405900,0.255122292,0.3665110492397280,1.8480631706557700,0.1472773221521680,0.3878892571606120,0.4023045922019140,0.3317295433602390,0.4378347676076550,0.3555199284902570,0.4728044777440000,0.3005653905745890,0.1164843194574060,0.2936774516201360,0.4045285542660690,0.2482898089219230,1.4847570870071700,0.2840811342173080,0.190669537,0.3231995005658990,0.2475200779386650,0.2572176952045690,0.2829740141300730,0.3109979288950560,0.2070162789109550,0.4657483611027890,0.4649899138872730,0.2159511971821010,Waterski
SLO Campus Ministry Pop Up: An Open and Affirming Campus Ministry,0.3018492709989120,0.287560163,0.374095573,0.2547998936865310,0.4340009021573550,0.1970737411053480,1.9210515547109000,0.5016358208243340,0.3475833825736210,0.3076932173266800,0.6685380840661630,1.7143536251567600,0.1000414319567730,0.4437884887888050,0.4969544977365220,0.4183074849849670,0.2726264703776570,0.5446432837509520,0.6995315629351650,0.4448179495767520,0.7065895572925040,0.4342538774094510,0.4607346861627010,0.5732885468056610,0.4749808241558980,0.6373922215378990,0.6010115491233870,0.4919171547704560,0.4976567588905810,0.5183541456660420,0.5584241669064180,1.724556198915850,0.5061867732433050,0.3394924823919090,0.5790402791359330,0.6077147918769310,0.2523037433667250,0.1632086590854490,0.5881723895936210,0.4840474706672580,SLO Campus Ministry Pop Up: An Open and Affirming Campus Ministry
Sailing Team,0.1631913577236250,0.2795562529747800,0.2084245449774490,0.1934861877838190,0.4559171105766210,0.3617071458389160,0.3348688969799970,0.4892845230450650,0.2652433658444120,0.3646963648794060,0.374981455,0.4710355570932930,0.2630984131822470,0.4967847860252710,1.5312428052362700,0.5239185846529550,0.050986289,0.4153810252409270,0.2350385790671740,0.2178096715253940,0.3861518573167830,0.31922404,1.6400457199999100,0.2775555012642990,0.4755482685651740,0.3675111924706940,0.1246176432332070,0.4607460766884930,0.4262915323238960,1.6140368730520400,0.3555849970929290,0.429349685,0.5110674673414650,0.3226144269861220,0.3501798774665290,0.4628407539573500,0.2567437782929110,0.4879106434810660,0.4896683980800830,0.3113084709646930,Sailing Team
Women Empowered,0.2274817110848380,0.1428654628371580,0.2945038402423840,0.2173055141259090,0.2611501957863420,0.1923809979235470,0.6158955524218940,0.4608949879175750,0.4825380217179760,0.1200478623983020,0.3072137066487260,0.4001694389577820,0.070520103,0.2683976598835590,0.3202143776589840,0.2692603690660690,1.7981520134765300,0.3439994133236190,0.3685570552868430,0.2139164250493360,2,0.2702221162187270,0.2828185304655310,0.5755171071970660,0.5218657205792000,0.4072068650943030,0.4503982714548930,0.3312985029372620,0.4477947661638230,0.3164384615883740,0.4849471460641630,0.3116118645781860,0.4103035853674720,1.7887781550899000,0.2897398482089340,0.3402257806988650,0.2720612377496270,0.1472950640790700,0.3837251533881620,0.3415147030431700,Women Empowered
Cal Poly Red Cross Club,0.3467775935153840,0.3367122738830870,0.283104267,0.2573321173179510,0.2977354154967390,0.3349385308407670,0.5220293155855600,0.3518796888696980,0.7544168966052870,0.2857159896772640,0.5817387357662210,0.5456397859407070,0.3823418172602510,0.1604873573455390,0.7041935811339510,0.3742548168514670,0.546848699,0.272419445,0.4863236149639780,0.2297596824138090,1.9710043675721500,0.7944219478184710,0.6129579850091650,0.3138860612268190,0.2743331086398220,0.2751710736396310,0.2257742913068060,0.081849243,0.4179117878607730,0.35974215,0.086461342,2,1.869526101905360,0.1765183148948740,0.6149493789443560,0.6692769146692040,0.3352056562428390,0.4167275863020090,0.6188406963554680,0.1437575416727500,Cal Poly Red Cross Club
Argentine Cultural Society at Cal Poly,0.1770424583876540,0,0.5122671806091350,0.2603384464872690,0.3793222089793790,0.1394639725519470,0.2519649738354050,1.8674595982876400,0.59646577,0.1842901557356820,0.37521194,0.396175622,0.1415091053958760,0.3189919461423850,0.570202597,0.4903515685927810,0.3691824380267810,0.5987714869920180,0.3673244099253190,0.5153835785006140,0.3412045336836720,0.2726055704863580,0.5866312601109870,0.2671523927126240,0.1891125816266750,0.4324583724026840,1.6005431809970700,0.082974838,0.5722906202696000,0.023635769,0.2357268962790470,0.3627340917100970,0.2903661265847000,0.3035985405216980,0.1518974844634970,0.256973563,0.3363170969985140,0.399745676,0.5091753735780790,1.6609691693170200,Argentine Cultural Society at Cal Poly
Association for Women in Math,0.1177130090402710,0.1775775356712580,0.3147105205246750,0.2648260096138090,0.2342264595080540,0.235528829,0.5629737861058850,0.3636304782338460,0.2686347399632140,0.2180385005694630,0.304889743,0.4773902167629060,0.196911486,0.4746113406992960,0.424398155,0.212820626,0.5648904409453720,0.5736372835519560,0.4409241028449820,0.3997873825212160,1.6527918749307000,0.2119378876824790,0.5282559736215350,1.8688336015596400,0.4596284449094370,0.3874247164248890,0.5975283064508260,0.4974033155305030,0.4847186034516690,0.510394873,0.3269310080111540,0.4477575404780000,0.2684766341608520,1.9301692068723500,0.3843524857876860,0.4519558240637140,0.4012487494730520,0,0.4384331418355850,0.397818622,Association for Women in Math
BMES,0.2927825687245540,1.7892183245580700,0.3009743009623840,0.6001834780453810,0.07798146,0.2518444005921390,0.46440843,0.2167530474676090,0.5758537885072450,0.3300120319003910,0.6063162436313680,0.484486675,0.3484099862988930,0.5513356634662260,0.4981143643164500,0.1659084756313570,0.1866760698805040,0.2054079748245520,0.6223683248937690,0.2528901370186590,0.533778923,0.7494893248094200,0.5754863054193150,0.3487737602955860,0.3443377178534770,0.3609961775920080,0.2305746657059090,0.1863289076825420,1.8081096103989200,0.4572403255034220,0.2546043064266670,1.7620807066022800,0.3900304232543620,0.1506582285060160,0.6674067507949530,0.5562889372685560,0.5985664176116540,0.2238658472472980,0.6606652105330920,0.3254435631840280,BMES
Cal Poly Hiking and Backpacking Club,0.2177090322988140,0.2175151421994800,0.2592924693215380,0.1872162349786950,0.6263484259581520,0.2413044956088260,0.2810563560071720,0.3607815221879000,0.4923601258015290,0.2588017150682050,0.5160844093913270,0.4818567641822400,0.1595424830650620,0.090718866,1.6654298684919600,1.7659811542255300,0.5112755351574390,0.2567524921060320,0.1543772399337360,0.2672195536602510,0.4093147376180410,0.3299849387265970,0.2254791673765070,0.2408542773426060,0.034266708,0.2929365376377890,0.2123526616586200,0.085758535,0.2671565184852620,0.3576178788529140,0,0.3631284441683420,0.5236118291583110,0.3240043060142560,0.270649547,0.373317047,0.1999031164414930,1.948287722546350,0.4450784194180940,0.2394154089381920,Cal Poly Hiking and Backpacking Club
The Writers' Collective,0.3596278774002130,0.2364819342514660,0.6223858811070290,0.3385046513840220,0.3075242401375740,0.2676643759256160,0.4689295509021980,0.4446433502336290,2,0.296221114,0.440838927,0.5079833029620000,0.3306182534709090,0.162687335,0.6505971682684220,0.5478112667966280,0.6619598967906300,0.480495608,0.4792946813486410,0.3425790146102620,1.8720950052732100,0.3499313856318500,0.4493778809986830,0.3574093500866340,0.2313698037929210,2,0.510333134,0,0.8054288944752500,0.1478665336425180,0.2108085876293100,0.3364716086147850,0.6700417480899960,0.3410082382200570,0.4806393199520130,0.509651917,0.5590054954842170,0.5180173939642510,0.584258786,0.5064765852844580,The Writers' Collective
Cal Poly Textile Engineering Club,0.049944621,0.401391217,2,0.8061403147047160,0.4010967432140960,0.1177926140587740,0.049007955,0.3316409708166450,0.2282731138603920,0.3864897951386810,0.3378611083080090,0.4723091256045960,0.1680192126044940,0.939708495,0.2295538024734410,0.1789246080469280,0.1590780084500170,0.3593679637754530,0.4416564733274570,0.5622911790974250,0.1638071923745960,0.3069903381764150,0.5499365349820910,0.3828586737575760,0.3194164142963880,0.5481361348079440,2,0.3884206941581750,0.7413205442038380,0.4085752198746420,0.224222137,0.2869116735498040,0.1055749120996530,0.4489766697293020,0.2747112266231450,0.1384928496949040,0.7416737060945980,0.2937014701976690,0.4897933581335310,2,Cal Poly Textile Engineering Club
Womxn in Mechanical Engineering,0.3006150345371520,0.6266199233243020,0.4876709255524810,0.6353529395108800,0.4723177139703760,0.2864111819355930,0.497791269,0.6522584825661390,0.5654528106539340,0.4994173407495100,0.4720554369192680,0.4970114343084830,0.4166407613003570,1.9661248731371100,0.5222908463321140,0.3790432842915510,0.5441768107692010,0.3496925124838210,0.5374918440966520,0.2823276748635250,0.6169958905887650,0.576440531,0.5058608377591990,1.7356584520348000,0.4881771860434010,0.3353543733487730,0.508711548,0.4291466781298130,0.6602335039475770,0.6003276487603980,0.2793975554121710,0.7351859374276850,0.669270913,1.9785219837535800,0.4865132358494400,0.4896250851523750,0.5983430489949210,0.2328159064954410,0.6678764966433080,0.5426637248918720,Womxn in Mechanical Engineering
The National Society of Leadership and Success,0.2311998714183740,0.3629701120523090,0.4305906880608240,0.4880413164873330,0.3840946760349090,0.539205341,2,0.28739235,0.3559756687713940,0.3427585461782740,0.4666938672895940,0.4672265397879070,0.227905789,0.6649699431750970,0.4756715801286330,0.3227506940937540,0.4952692131139170,0.4115905851349960,0.6825527262066530,0.4662984052989050,1.7485917762633400,0.4590100020181110,0.5930336545358640,0.3788889865419590,0.6404951308678560,0.5287098589198520,0.6538730222329710,0.5943027246398230,0.4618314340974060,1.8364316313289400,0.4930595500010830,0.5854771759889240,0.5835156749498630,0.4520474380955400,0.4618210074362080,0.5738069262026640,0.4356583754007950,0.2914030678395300,0.7293202692655050,0.473547481,The National Society of Leadership and Success
Cal Poly Pickleball Clun,0.1603566911951430,0.2594077892628420,0.314364132,0.1901254718965090,0.2529991320769960,0.1040089973447630,0.2216360650040720,0.633877669,0.460948305,0.3237254078265630,0.3379525987942920,0.2716087301830070,0.6743716345499370,0.1653731589167300,1.6991659770810800,1.9775176269067500,0.1510264473936690,0.2278773133518040,0.2526892952786310,0.6150117438485330,0.3031382506443500,0.222775954,0.5287320813547420,0.5221673005880120,0.124447765,0.3159759950761940,0.074209863,0.021124655,0.3904570542548540,0.2717285164070370,0.1695931236002720,0.3042542532758230,0.426317834,0.2267784891389730,0.2723531366859360,0.3171188381535590,0.2021017010505610,1.6878571728274700,0.4807733536533660,0.387963485,Cal Poly Pickleball Clun
Military Science Club,0.2140350481883630,0.3843636415447580,0.1351736060184170,0.3936846900912830,0.071253563,0.4337426354225600,1.8205572923857600,0.2240082052526290,0.3464894371253570,0.1338491041363390,0.2978112379602140,0.3609434451087940,0.4693830373802430,0.4807389698464810,0.4483095450109860,0.2526325149763170,0.3561959681057380,0.4757231998154720,1.6326676897090800,0.2080028206532490,0.2497964539650560,0.3561500761892690,0.4959045325543550,0.3329039467707990,0.4263432448389190,0.1406277733812840,0.1293024241544920,0.3562912991589210,0.2684010655268740,1.7058642738089700,0.1888904613377050,0.4278554492149040,0.3439993185313190,0.1701961653806360,0.2059404313209140,0.2217981223834130,0.2321678484847350,0.1755895855505210,0.3921511448606320,0.4560379914118880,Military Science Club
Bio-Cheminformatics Club,0.1839171953332960,0.427865665,0.401741792,0.5822195443583280,0.310857094,0.2461843186644550,1.632536591827980,0.2177599432211240,0.4868812839757450,0.2808465503314340,0.3637038329282060,0.3264993267572900,0.4986553010236820,0.3584517440135720,0.3175667375103780,0.2509972589634360,0.3961450121703910,0.3071724394602300,1.8712792208887300,0.2337069794974840,0.3423816882945730,0.4707737400690140,0.2723085395996370,0.2203274529930550,0.5362063570736110,0.2183712022504350,0.1899054906749680,0.2858895863440770,0.271193193,1.7472733376026600,0.2363511611609140,0.1915101154282920,0.4976771123508250,0.2013368856613140,0.3847569430807540,0.3629117364970870,0.6081886967471460,0.2849220543855250,0.4756988447031160,0.4553199342691640,Bio-Cheminformatics Club
Cal Poly Accounting Club,0.091881353,0.3306605811812760,0.3229439161059280,0.4395650903663960,0.2946204689511320,0.3166095052796860,1.6929421177733200,0.1843844838968290,0.262580019,0.2891315514381770,0.3955528539594020,0.2682011332783810,0.2455753894176770,0.4921287746103460,0.3863765223046960,0.2876725102381630,0.013599251,0.3456518255918130,0.452331854,0.3249831469505410,0.4140449801991800,0.5789218308362920,0.3814530295066180,1.7646847875205800,0.4582131132580820,0.4197394604148520,0.1818634534066020,1.9825585602494900,0.5032188066668300,0.6180070640126560,0.6176220556318070,0.3269181813003490,0.4054408840608750,0.3251876564488610,0.2210647180673860,0.2957940124234530,0.460175443,0.2001446982175470,0.4596956536942150,0.6249770165904580,Cal Poly Accounting Club
CP Lore Club,0.2175491272470370,0.2257962002791970,0.4995360444237170,0.272084063,0.1988377903439820,0.1744459992958650,0.6524768822290580,0.5343808159773020,0.6547425352768850,0.2259610700318660,0.289732265,0.5944532061733790,0.4350071411507070,0.4375617886527970,0.3982364512217690,0.4961717870560850,0.4828953050541150,0.6494076829680730,0.6442925833260460,0.4643360403280170,0.3619409457234040,0.2941427705445740,0.5113341074662980,0.44316998,0.2729055924258720,1.7352081828857500,1.6855067805669800,0.1964766089922350,1.6684148213086300,0.2129896815937730,0.2636803486059590,0.4076167637878880,0.1394338933302000,0.4886996089560930,0.3756375772282220,0.2872320676317240,0.4101584914083240,0.2974618154470630,0.5285919749971230,0.3973864390062720,CP Lore Club
Cal Poly Amateur Radio Club,0.2025745985586800,1.5416662207301200,0.2209799642408540,0.3794137586403960,0.3695938127777870,0.1886864831086300,0.3186837570572040,0.3145390368056280,0.303521919,0.2264371419139420,0.2288712037520380,0.2074973095588690,0.3483005757507940,0.5159706071717180,0.3065794484647760,0.3850099967046270,0.2053992357160870,0.3681799834803430,0.3460769275077050,0.4792690405101570,0.413248852,0.4599946484075060,1.555523987964770,0.2201567226628480,0.2259300326795060,0.1076934307496220,0.022206835,0.3961010317990210,1.771141996574320,0.3518207824030970,0.4336010184280870,0.4239848797055450,0.3215982266410870,0.091670091,0.2623227571355830,0.2941382233965020,0.4329539537188530,0.3199846239781680,0.3005286579942340,0.2972592021057910,Cal Poly Amateur Radio Club
Field Studies Club,0.3958120975004270,0.3768874031778740,0.370374002,0.4057705027098780,0.7862971393514880,0.4340266501880330,0.5771927802930270,0.5951822201035560,0.576422994,0.4487505524907780,0.519786076,0.5118797577825390,0.4651030239528970,0.2773422207227840,0.8608418064923180,0.6608559624021930,0.6279206519670680,0.3143717689311830,0.2551743604566950,0.388763417,0.7428346550399820,0.5355955168796110,0.3125747873656090,1.864587006,0.4017378069845420,0.2889466590411870,0.3214439470541170,0.3247095651522660,0.2827023427267350,0.4601430214928950,0.3115845965237510,0.419489846,1.8870766426028600,0.1912193144481060,0.3496133146207900,0.6793783170561970,0.3175778192791790,2,0.5585642335008460,0.322070063,Field Studies Club
SHPE,0.093571416,0.1779043551793650,0.3870459537498930,0.5024508250608210,0.3724166885337160,0.4665813624730040,1.7493906747773700,0.4121844009603730,0.4124595950521550,0.5403606756656500,0.4879226516217030,0.4379402035161230,0.3058372164360150,1.7187700770602100,0.6645091062418580,0.3566929402708890,0.3780852196202600,0.2678355079912330,0.4588955418839580,0.4429309312265710,0.6252262216434880,0.6450567243053030,0.5873137553058600,0.2816825811841220,2.0000000000000000,0.3200540471867230,0.2228861146295490,0.396831835,0.4985096452171870,0.5891863835377940,0.5515879051505900,0.239519742,0.4038681746507160,0.312862613,0.4363316068663670,0.5542058086697920,0.3768365251341340,0.1744438785329070,0.5635632982053240,0.3467585831977490,SHPE
Computer Science and Artificial Intelligence Club,0.2623167629673270,0.2976044376278350,0.4521031058810070,1.821331178,0.3454484663775270,0.2871077953769540,0.7805314798267040,0.4450281901649080,0.4087281167244770,0.335815345,0.2770154476582510,0.3796591388222340,0.360949919,1.8571613770030000,0.4111613180882230,0.1166940210179770,0.5113956223606940,0.4026490679448950,0.6770562563564870,0.2468010063139920,0.7611404625857360,0.4535791585232100,0.4708800051847780,1.8711061412472400,0.605797059,0.2964424191376650,0.2759814268114960,0.3402224549805560,0.4113209516738520,0.3881073980267980,0.395259205,0.3763196168599730,0.4440194541913240,0.2698913250594180,0.3131026872882920,0.4803452524812940,0.7038350407019940,0.1886440508563930,0.4528358812302840,0.3713073840720460,Computer Science and Artificial Intelligence Club
SAMPE (Society for the Advancement of Material and Process Engineering),0,0.1621542156039620,0.3571693323654980,0.385483552,0.306960149,0.1899199014315100,0.1455074307095920,0.036528291,0.093043906,0.318009932,0.1609814681387340,0.2321331881711150,0.4292348850840030,1.532115674928080,0.4219978029418150,0.082067131,0,1.4470821517026100,1.5590734206399400,0.4429175198965280,0.3826589268827800,0.2790895139722150,0.3587183929397960,0.3050834024146630,0.3294079817875000,0.1539598181939380,0.3700923494670440,0.1371430778321360,0.3337624992645670,0.2933377127156420,0.2743784176698830,0.2115164771370030,0.1736358165040010,0.074679563,0.1853023611123000,0.2866994953867240,0.3874839163669130,0.3017978130998990,0.1461782451249910,0.4260473085903420,SAMPE (Society for the Advancement of Material and Process Engineering)
Students for Life at Cal Poly,0.2695510256979980,0.4113572586005400,0.3333823390932300,0.2170301930910480,0.4175375402576980,0.2944926706542890,1.909096476093630,0.3536300835760740,0.5452996831528330,0.225188803,0.6113845340394970,0.5364490418907230,0.3503713940899350,0.3599060252257320,0.5382298108838980,0.3924313683382540,0.4449984913528370,0.4513376461002600,0.6020523888026600,0.3160803634160950,1.9668517616401500,0.5048953569792020,0.4216041252654690,0.3791834604022800,0.5355647310117870,0.2200404124779310,0.2666058707538860,0.3506065469182320,0.4547717114049520,0.5177275868149710,0.5498452428026460,0.6407745403071550,0.4682604916025700,0.2370484274523990,0.5506485476539700,0.5972889469939830,0.2430343394092380,0.2815448974218310,1.7553168192041200,0.3246654110575230,Students for Life at Cal Poly
Communications Studies Club,0.2796801339480720,0.4858854353009320,0.3031826916590870,1.6649935743749600,0.1051098626237540,0.2743988493493330,1.8444678223917400,0.4437902673245850,0.5203458714621950,0.2245375434867690,0.2851040874804720,0.380436869,0.2513466789050170,0.4194021450252840,0.1053378408439910,0.3268311074432710,0.4795696542789410,0.2327781335011900,0.5573806519594500,0.2158209628704930,0.5491467622177800,0.5107517517860940,0.4003147408790410,0.5024865001622060,0.5254403489613500,0.4810183187436760,0.2699126506354630,0.3676840070772800,1.9936454775178700,0.5916163165008830,0.3767337582214320,0.3133841461027790,0.5039706721481160,0.3808109675077080,0.2169557493530590,0.2350171548222340,0.4739246934209400,0.1149297411128710,0.4034186634586960,0.3517987027393410,Communications Studies Club
American Chemical Society,0.1974282525091530,0.3804400346445090,0.3884505780389070,0.527102853,0.4348838441268030,0.2687840856002550,0.6416360920300020,0.3336390796995490,0.3837588753444240,0.1759576102183150,0.4067261330590700,0.3129950285196140,0.4851410872246830,0.5404736835039130,0.3044400007353560,0.2695036030600460,0.3337150304744320,0.269177979,1.7512127225981000,0.4302438130061940,0.6118063976178900,0.49630464,0.5882479618940400,0.6491262446564430,0.307720846,0.3072569313243920,0.2304779820359710,0.4388856845794870,0.3618755125927760,1.665567221588290,0.391357559,0.5940344636736450,0.2686043431445120,0.4094382051232190,0.4793025587734040,0.3514935243368640,0.4500451277632250,0.2260814736336420,0.6008229496315960,1.658191656402630,American Chemical Society
"Out in Science, Technology, Engineering, and Mathematics (oSTEM)",0.2231931839015490,0.4360132708089810,0.4623172694521610,0.491311492,0.3984714019249590,0.217681731,0.6140223013315720,0.5365875944870000,0.5301242255403190,0.243220985,0.3930973191095820,0.5406225166951660,0.044413527,0.6531067791769950,0.2125418357049470,0.347276503,1.746192836701010,0.3402653188319420,0.6041785382058060,0.4061073981152030,1.7689478692300300,0.3447706873384190,0.3267708335227460,0.697110534,1.7559191248102900,0.3987894551789630,0.5174249803065850,0.2266137419223060,0.5636558575814350,0.4373057583374380,0.3669088440478900,0.5482415914619810,0.4551861059663550,0.470653204,0.5279101769793750,0.4263937389773240,0.4240378050026450,0.326145373,0.4401996768011360,0.4101590959648040,"Out in Science, Technology, Engineering, and Mathematics (oSTEM)"
Puente @ Cal Poly,0.2295071341984890,0.079183689,0.2929695791162640,0.3160822822458810,0.2474883404786600,0.3473778906605190,1.544994348085870,0.4740248437391760,0.388888108,0.244747621,0.3396976489413720,0.3392808978825410,0.2576447853261530,0.5184903620150390,0.5153245636978620,0.3506018101442860,0.2741746514128530,0.4449766200206440,0.509427448,0.317161762,1.572938199832980,0.2303102457397820,0.4285593636666100,0.4479658156209740,0.5356717629235800,0.4331299143106780,0.3187628295388620,0.4006722286440330,0.4664419391519370,0.4909714664187540,0.4587409356397380,0.4909691726560880,0.3737660351833110,0.2149694643836040,0.3113708665118130,0.3931156624512160,0.2995972564480890,0.2287728194057910,1.5479690432780100,0.4542653926428480,Puente @ Cal Poly
Phi Sigma Kappa,0.030891736,0.1332107451031740,0.3444828498693970,0.3217810202874320,0.3945837470239580,0.4589122490779120,0.2631321254388980,0.4154252930009940,0.233420364,0.4626440516529340,0.555280341,0.3612295526156410,0.3665296701513620,1.7191065500211600,0.6084715415445840,0.2763878961103850,0.2370679639701700,0.4221361052669230,0.4013590719271980,0.3415155956175240,0.4648109970547990,0.4081307446972620,0.3690517252858700,1.6509064690313800,0.3957472144846010,0.2778504864796770,0.5181525227666740,0.2355300293464160,0.4558083795922400,0.5043330176925570,0.174229369,0.5593361881109950,0.2239573222935050,1.7513912773489500,0.6082750645358820,0.5421669442181540,0.4333265786135160,0.2542253325678700,0.4347895999731750,0.3304713351373520,Phi Sigma Kappa
Cal Poly Nursing & PA Club,0.2250224504826470,0.306540579,0.2129783804650320,0.2260811769091580,0.016318992,0.1772129879096810,1.5349252693425200,0.036449918,0.2079645664181290,0,0.4185959087610920,0.346299799,0,0.1922757450723640,0.2051776999294140,0.1984280731304980,0.185461212,0,0.1871731170766290,0.060382768,0.488244661,0.1421612129232890,0.1256398213792430,0.1932896006306690,0.266741787,0.3031860313464970,0.1126764876714230,0.3232284373748850,0.3302869606207720,1.4883564445953500,0.2715998844006960,0.079120547,1.608884515142980,0.1697472664982370,0.3145428793876870,0.2341976124048020,0.1520304259519800,0.1840189363013800,0.2689173865024450,0.484580975,Cal Poly Nursing & PA Club
Cal Poly Van Life,0.3860376559574100,0.3305844819728590,0.7653527003120490,0.4584841945388810,0.7546296326280860,0.296881155,0.4739043350104480,0.7651932063649940,0.5550323015481980,0.5560641422399620,0.768783071,0.7772543500742970,0.2783026130506550,0.6000812626806110,0.7399745199064380,1.9780706530995000,0.6875913149651670,0.5675595078494760,0.5870116746593290,0.5854811372682610,0.8514331311426470,0.3769743421157650,0.5183263799979870,0.7983432020596560,0.5586009611725770,0.7418676852923750,0.4713123033512890,0.5334049899129700,0.7035970289799730,0.7430089428268030,0.5552644093623550,0.57733007,1.9152561427415300,0.6387654999873010,0.5660221640702060,0.8061078280449910,0.4475464289030630,0.6420277511722340,2,0.7891403875816490,Cal Poly Van Life
Simple Club,0.3321722167980720,0.3848278532820390,0.5752425759425670,1.8851225528166900,0.6051320653230660,0.2571912979459430,0.5047298126902680,1.7760716983653300,0.691460964,0.4987258648858060,0.6425942296350610,0.6196539834465540,0.3045008425142260,0.5536746850875020,0.5489459060373950,0.5052465699356840,0.565129857,0.5154514653777110,0.3861163193520620,0.5428168962346790,0.7511235791492350,0.3979703344698490,0.5627752770784630,1.8688698659545200,0.3424889154404930,0.4820260470073100,0.499908375,0.1048256077486790,0.6873891244168820,0.3727327025281570,0.1934899754429160,0.5018178817374690,0.6048639561544220,0.3762724769299610,0.5532790394467550,0.6847078138314800,0.6490620588084670,0.4433573181132800,0.6758441687398240,0.4831375770571440,Simple Club
Philosophy Club,0.087819479,0.3765851731033750,0.2880304666724420,0.1557953322072600,0.2229868157968600,0.2365890151644220,1.8733021413716200,0.4053754851163800,0.3246478979563840,0.1901825365856550,0.2726613259476160,0.7092699332928740,0.098262146,0.450607737,0.6786821637556330,0.1332863060076890,0.4604323839481390,2,1.7472756097719200,0.3978394236768300,0.5765402367924500,0,0.5647081982472260,0.09805104,0.5926595558577100,0.5822526382713480,0.4277560944250960,0.4942829173252430,0.6432832289147690,0.2416680649971960,0.5656571612811170,0.2038733138843100,0.1298468725465840,0.3614295468164710,0.2054917242015620,0.2830575143924880,0.3099392125439120,0.095543024,0.4258760920249520,0.3650658729860510,Philosophy Club
Cal Poly Political Science Club,0.2332700838879770,0.2485338427099620,0.3276400608293340,0.2271761127090820,0.3171526580842830,0.2822190605651580,0.6043769146182370,0.3083864582225590,0.6206466326079200,0.1725897722325500,0.3138730673028620,0.4387931751596660,0.2074776637539790,0.352930893,0.2954946224647740,0.4422326883900950,2,0.3219319965268690,0.6345837402359040,0.284645311,1.7078071526839100,0.3499730081735020,0.3372139501503290,0.1734870834708570,0.5001926913657640,0.4341139466197300,0.320049343,0.2719856228360770,1.6664335748486500,0.5301496078144870,0.3739517936635910,0.3607924596006840,0.538810891,0.4163887492407680,0.2078020565899290,0.2171581313087580,0.1889047537405120,0.3421633503081120,0.3384321253480520,0.342498987,Cal Poly Political Science Club
Poly Pack,0.1972213508231020,0.6313986778435550,0.4139876235680460,0.5928593953446370,0.3307842838429560,0.3983481328465110,0.5643750339862720,0.2967416237776060,0.6160593924552880,0.2428629478618460,0.2263778871815730,0.3672555070146150,0.3386253969289340,0.5690133879527020,1.718996321527530,0.1984955539242750,0.2858463972626870,0.3675141471943110,0.4368997564229710,0.6308816949179960,0.271710696,0.6525824926216140,0.3783170390437640,0.2400846832462840,0.4034378503061750,0.2978574577425690,0.292932873,0.3041947628087510,2,0.1975880666924400,0.3833751389925200,0.5735404618283950,0.4912617858386740,0.2143759859109260,0.2324316712176010,0.3506642938617170,0.5830230241110920,0.3227662759965970,1.6593542121639400,0.5883761226809620,Poly Pack
Christian Students on Campus,0.1910963834041680,0.084189083,0.032360709,0.019674355,0.1517800093931580,0.2048522412819680,0.3611826099695580,0.3382176930976560,1.4144999598887100,0.092100884,0.1238087769201470,1.798402929123880,0.2109129803564260,0.042093993,0.2596585738772760,0.053025184,0.349423615,0.2609263706121410,0,0.1286302955203150,1.5177133672563700,0.3095041256552810,0.2989790847921430,0.3137793166318030,0.1092776171450990,0.1916517919628650,0.1452439851505340,0.044113087,0.1068673785391510,0.1486832736589110,0.1864877217211930,0.1561439848960350,0.3673780630258610,0.1085779398051490,0.4016443574964850,0.1801126428695400,0,0.2216526025954970,0.3508356143153450,0.083238721,Christian Students on Campus
Newman Catholic Club,0.3145102807676230,0.2006542430824080,0.3893941011850490,0.2948943256612670,0.2399780757589830,0.2271310286491440,0.4541821904618880,0.2669661205419630,0.3144914188313320,0.1062192291350920,0.3595242716306970,0.5437538857848280,0.2337216342474910,0.1947907504315320,0.4529658816822300,0.3469334645716150,0.4030231910358970,0.5711964386324200,0.3647799083853270,0.3028480230474440,1.595138023773070,0.4576174623646970,0.3059389921617150,0.2992218644836290,0.4003009049822370,0.467189634,0.5193957833395120,0.3479097686224560,0.412415206,0.4554223315479880,0.4857278317780210,0.2055439060452960,1.573113384845940,0.1569673881983460,0.1612633663045970,0.4345755419480330,0.2381489449789590,0.3037438756263360,0.3807454590490000,1.639131858,Newman Catholic Club
Cal Poly Theisms,0.166684514,0.077215779,0.2430911078563190,0.184670126,0.2908117757169350,0.1780171008057630,1.641928419401060,0.4386116963473290,0.5269500715005580,0.1567885199632520,0.3762239029524980,1.8332765375604900,0.064690312,0.2572695643377080,0.4109091242799730,0.2603534644307560,0.5580383739846470,0.4726666532162490,0.4615772593089350,0.2955416851863070,1.5884542150303600,0.3898196929363880,0.4393999778446330,0.3258577574114550,0.3815888658315120,0.4299335250956540,0.2760465869476590,0.324668458,0.534197233,0.2187855255008260,0.3633813982574210,0.1305841882086550,0.2107343467402480,0.3082536203363740,0.5062760448693050,0.2693772855629940,0.2034075577455590,0.2660968816020930,0.4007012571355730,0.4005773335931920,Cal Poly Theisms
Quantitative Analysis Concentration Club,0.2077089272040090,0.5031780119380550,0.3264240510814070,0.6066801039145950,0.2515548739838060,0.360356646,1.6842937455800400,0.3262230778108950,0.439699149,0.4622141405122980,0.375579176,0.2225175127440740,0.5644532269439170,0.5780383830216420,0.506360257,0.2677779992265900,0.3956409283937890,0.3065337306646350,1.7250211744393500,0.4986667977341710,0.2930566019515240,0.5332466907320320,0.5514022416908500,0.5095115498202090,0.4727527171574590,0.3100286355729110,0.2711029766833920,0.5242410095415730,0.6609092544877180,1.7593479319861900,0.4300882164049450,0.4439743063557740,0.3730881185845800,0.3759422099100480,0.4310669092216170,0.2644004639841600,0.4199269048734060,0.2262471681960680,0.3449652745828500,0.5328796585500580,Quantitative Analysis Concentration Club
Theta Chi,0.2732744589741930,0.4249800674571220,0.2604464984274010,0.3612642293802740,0.1384197750825750,0.299052452,1.9212874444844300,0.2667950049675680,0.4571337867943540,0.2472670515735400,0.312179427,0.3901015695848560,0.3706368217723060,0.3550736869542870,0.3586975638739780,0.3660101004547000,0.3926083648031520,0.4720686305819560,0.5357752707388910,0.3602473550342530,0.2580180946453780,0.3633781802683080,0.4173625738968470,0.3835440795381480,0.4435831004696630,0.3425840596625440,0.3714188821927150,1.5411517043535400,0.4689054836564350,0.4638819643123050,0.4538094713752650,0.4414605431804120,0.2828526422406110,0.2632869421419050,0.4119658029876840,0.269254265,0.1550806339531460,0.2324949285455390,0.4901829472715340,1.6433946047255400,Theta Chi
Public Health Club,0.3883743666277610,0.2434342436851610,0.1981557429478490,0.082175565,0.3923213136167740,0.3408644019874770,0.5550415078679710,0.2015757829436690,1.6723694254853000,0.3117690199006090,2,0.5191880094977470,0.2605021186484280,0.1313262289455310,0.5583525747569400,0.6304981720999950,0.5312982333096020,0.069452414,0.3150052321795510,0.304242599,0.6405154512874460,0.4787165746612770,0.2559570419331250,0.3818313278594470,0.2261470083591190,0.1717240540481080,0.1737076338620850,0.2567634645881840,0.5026498310795270,0.3466899976370060,0.1766228478947430,0.3950359643160410,0.4922466090019830,0.147294966,1.833952367425500,0.5905995346611940,0.1332781272478450,0.4994530425061460,0.5752198317170380,0.3472960166349960,Public Health Club
Chi Omega Chapter of Phi Sigma Iota Foreign Language Honor Society,0.083239759,0.097386797,0.3154414957131980,0.428412042,0.1626031843480410,0.2812141986354120,1.4717097922074100,0.3003414016546210,0.1597910415593540,0.062529765,0.3141667066141190,0.3791065038333020,0.2189171305364190,0.3728035293543150,0.010439697,0.2098384229560570,0.1096047332374610,0.2298688801426890,0.3939672676459400,0.4139937023120600,0.3548559867265940,0.058428508,0.4437474226877390,0.3498075134846370,0.4638039333690450,0.4199111115980480,0.317025348,0.3645521718230830,0.3584986900393710,0.4351210362873550,0.3652333214818790,0.16697111,0.078078972,0.1957902955386350,1.4967276489079200,0.3679753675573890,0.3377007580755680,0.1454748911982300,0.2321637371589840,1.5182556763612100,Chi Omega Chapter of Phi Sigma Iota Foreign Language Honor Society
SLOBreakers,0.240375987,0.3146434049530410,0.3371284142654700,0.074600838,0.1242501798548940,0.253379076,0.4370362321268320,0.5561960589824790,0.4343905222530560,0.1568478319678290,0.2121181129574770,0.377101868,0.1246752215384310,0.2877597898276510,1.8175647363995300,0.2690579596343430,0.5399421350027760,0.2985449739691790,0.1867798314156150,0.3705894432457660,1.6541295282195000,0.093906221,0.4450008342604900,0.1792357964185520,0.3554199309138130,0.4133337503510540,0.4371016362836530,0.3022506740687330,1.6478834663815900,0.3241444742782340,0.4323832621901560,0.3979445540259350,0.3969190730545350,0.243913117,0.3408202607555600,0.508527878,0.2781178582462530,0.1636431901517240,0.4152521905844670,0.5362150317761120,SLOBreakers
Cal Poly Undergraduate Law Association,0.1603073646559730,0.3692420591066950,0.2469773601783430,0.2748037152086940,0.072208262,0.3292991536698930,1.9146249749136500,0.2104765307909860,0.2549309622208430,0.2921108474296020,0.1660665858161390,0.4365453285308070,0.3377674174327640,0.6467671027183340,0.2916945339050010,0.083911271,0.3699165339250510,0.3273729713904330,0.4237549793607890,0.2372420992482270,1.7894410793740800,0.4333947101791420,0.6258597105368210,0.6165917648364700,0.4732382903526420,0.3823161792650760,0.2116680921142720,0.6411122905089620,0.3504693568545730,0.6354497692159160,1.872594739264410,0.4838329549798520,0.2655920112271040,0.3921490713238810,0.2143111328806670,0.2665016794486280,0.2487813983676260,0.052727356,0.4134816802195490,0.3750195196484980,Cal Poly Undergraduate Law Association
Cal Poly Quantitative Finance Club,0.165575602,0.4228984684886570,0.2957475971382120,0.5939349466425990,0.5038489117942960,0.3274689157065430,0.6181432151565520,0.2361485328548710,0.3316492985648750,0.4772841940816910,0.4723402124837460,0.3571518256269360,0.4791741745458990,0.7169489478591800,0.7371391043699070,0.1791567380235700,0.4820244144673410,0.4377865664667360,0.6629267491002180,0.3232878479846370,0.5316790025156120,0.6865639153327370,0.4854740253177040,1.8622135188401000,1.7437268161133000,0.3145460381340310,0.2275357711756490,2,0.6537032385687880,0.5697894241531150,0.6423967162189330,0.3845892192510710,0.3033880609097160,0.5220350027347640,0.4096041115385430,0.4823962432608320,0.5213614224888840,0.2059624485178100,0.44482819,0.5056908789407130,Cal Poly Quantitative Finance Club
PolyCon Tabletop Gaming,0.2286482883346980,0.6039675067542150,0.669128714,0.5673353361509960,0.1957218473882910,0.2452340440331380,0.6192940351768570,0.3343622625257020,0.5667228628948870,0.3928875995939140,0.4181412816489640,0.4676809159350250,0.5079254830916900,0.5424115452736200,0.4498581475634930,1.6798100257497100,0.2895400949912690,0.3373119033804240,0.5396454894086750,0.6008602115515730,0.337404108,0.4233302343682100,0.502705441,0.4444811646868330,0.5357014468927780,0.4469073058063330,0.4191794076741750,0.5870597193912190,1.7379254349971200,0.4645361612381460,0.5051783752029580,0.6566352365720680,0.4401343058979390,0.4672369124013570,0.4837642693204060,0.5480276866191550,0.634206797,0.5058783918288760,0.60854291,1.7330752230067200,PolyCon Tabletop Gaming